CaWO4_3CaCO3(40mg)_VL_260728
Température four	Temps	TG	
/°C	/s	/mg	
26.19	0	0.0000	
26.19	3	0.0006	
26.18	5	-0.0006	
26.18	8	-0.0033	
26.18	10	-0.0059	
26.17	13	-0.0079	
26.17	15	-0.0098	
26.17	18	-0.0096	
26.16	20	-0.0124	
26.16	23	-0.0161	
26.16	25	-0.0191	
26.15	28	-0.0217	
26.15	30	-0.0232	
26.14	33	-0.0242	
26.14	35	-0.0248	
26.14	38	-0.0264	
26.14	40	-0.0269	
26.13	43	-0.0270	
26.13	45	-0.0274	
26.12	48	-0.0281	
26.12	50	-0.0285	
26.12	53	-0.0282	
26.12	55	-0.0286	
26.11	58	-0.0294	
26.11	60	-0.0292	
26.11	63	-0.0293	
26.10	65	-0.0291	
26.10	68	-0.0296	
26.10	70	-0.0298	
26.10	73	-0.0295	
26.09	75	-0.0296	
26.09	78	-0.0299	
26.09	80	-0.0298	
26.08	83	-0.0295	
26.08	85	-0.0298	
26.08	88	-0.0301	
26.08	90	-0.0301	
26.07	93	-0.0298	
26.07	95	-0.0300	
26.07	98	-0.0302	
26.06	100	-0.0299	
26.06	103	-0.0299	
26.06	105	-0.0303	
26.05	108	-0.0304	
26.05	110	-0.0300	
26.05	113	-0.0301	
26.05	115	-0.0305	
26.05	118	-0.0308	
26.04	120	-0.0306	
26.04	123	-0.0303	
26.04	125	-0.0307	
26.03	128	-0.0312	
26.03	130	-0.0305	
26.03	133	-0.0307	
26.03	135	-0.0311	
26.02	138	-0.0314	
26.02	140	-0.0312	
26.02	143	-0.0310	
26.01	145	-0.0315	
26.01	148	-0.0315	
26.01	150	-0.0314	
26.00	153	-0.0315	
26.00	155	-0.0320	
26.00	158	-0.0319	
25.99	160	-0.0317	
25.99	163	-0.0318	
25.99	165	-0.0322	
25.99	168	-0.0322	
25.98	170	-0.0322	
25.98	173	-0.0321	
25.98	175	-0.0327	
25.97	178	-0.0324	
25.97	180	-0.0321	
25.97	183	-0.0325	
25.96	185	-0.0328	
25.96	188	-0.0327	
25.96	190	-0.0326	
25.95	193	-0.0331	
25.95	195	-0.0331	
25.95	198	-0.0330	
25.95	200	-0.0328	
25.94	203	-0.0333	
25.94	205	-0.0335	
25.94	208	-0.0331	
25.94	210	-0.0328	
25.93	213	-0.0335	
25.93	215	-0.0339	
25.93	218	-0.0334	
25.92	220	-0.0334	
25.92	223	-0.0338	
25.92	225	-0.0340	
25.91	228	-0.0337	
25.91	230	-0.0337	
25.91	233	-0.0342	
25.90	235	-0.0343	
25.90	238	-0.0342	
25.90	240	-0.0342	
25.90	243	-0.0346	
25.89	245	-0.0347	
25.89	248	-0.0346	
25.89	250	-0.0343	
25.89	253	-0.0349	
25.88	255	-0.0350	
25.88	258	-0.0347	
25.88	260	-0.0350	
25.88	263	-0.0352	
25.87	265	-0.0355	
25.87	268	-0.0351	
25.87	270	-0.0355	
25.86	273	-0.0359	
25.86	275	-0.0357	
25.86	278	-0.0355	
25.86	280	-0.0357	
25.86	283	-0.0362	
25.86	285	-0.0357	
25.86	288	-0.0358	
25.85	290	-0.0363	
25.85	293	-0.0366	
25.85	295	-0.0363	
25.84	298	-0.0362	
25.84	300	-0.0368	
25.84	303	-0.0369	
25.84	305	-0.0370	
25.84	308	-0.0367	
25.84	310	-0.0374	
25.83	313	-0.0375	
25.83	315	-0.0374	
25.83	318	-0.0374	
25.83	320	-0.0381	
25.82	323	-0.0383	
25.82	325	-0.0380	
25.82	328	-0.0379	
25.82	330	-0.0385	
25.81	333	-0.0384	
25.81	335	-0.0383	
25.81	338	-0.0384	
25.81	340	-0.0387	
25.81	343	-0.0388	
25.81	345	-0.0386	
25.80	348	-0.0387	
25.80	350	-0.0391	
25.80	353	-0.0393	
25.80	355	-0.0391	
25.79	358	-0.0390	
25.79	360	-0.0396	
25.79	363	-0.0395	
25.79	365	-0.0395	
25.79	368	-0.0398	
25.79	370	-0.0400	
25.78	373	-0.0400	
25.78	375	-0.0399	
25.78	378	-0.0402	
25.78	380	-0.0406	
25.78	383	-0.0404	
25.78	385	-0.0404	
25.78	388	-0.0407	
25.77	390	-0.0409	
25.77	393	-0.0407	
25.77	395	-0.0405	
25.77	398	-0.0410	
25.77	400	-0.0408	
25.77	403	-0.0410	
25.77	405	-0.0407	
25.76	408	-0.0414	
25.76	410	-0.0416	
25.76	413	-0.0412	
25.76	415	-0.0412	
25.76	418	-0.0416	
25.76	420	-0.0421	
25.75	423	-0.0417	
25.75	425	-0.0416	
25.75	428	-0.0420	
25.75	430	-0.0422	
25.75	433	-0.0420	
25.75	435	-0.0420	
25.74	438	-0.0424	
25.75	440	-0.0424	
25.74	443	-0.0421	
25.74	445	-0.0424	
25.74	448	-0.0428	
25.74	450	-0.0430	
25.74	453	-0.0424	
25.73	455	-0.0426	
25.73	458	-0.0431	
25.73	460	-0.0433	
25.73	463	-0.0429	
25.73	465	-0.0430	
25.73	468	-0.0434	
25.73	470	-0.0434	
25.72	473	-0.0429	
25.72	475	-0.0433	
25.72	478	-0.0438	
25.72	480	-0.0433	
25.72	483	-0.0431	
25.72	485	-0.0436	
25.72	488	-0.0440	
25.72	490	-0.0437	
25.72	493	-0.0437	
25.72	495	-0.0442	
25.72	498	-0.0443	
25.72	500	-0.0439	
25.72	503	-0.0436	
25.71	505	-0.0441	
25.72	508	-0.0444	
25.72	510	-0.0441	
25.72	513	-0.0441	
25.71	515	-0.0444	
25.71	518	-0.0446	
25.71	520	-0.0444	
25.71	523	-0.0440	
25.71	525	-0.0445	
25.71	528	-0.0447	
25.71	530	-0.0443	
25.71	533	-0.0443	
25.71	535	-0.0445	
25.71	538	-0.0447	
25.71	540	-0.0446	
25.71	543	-0.0445	
25.71	545	-0.0449	
25.70	548	-0.0450	
25.70	550	-0.0448	
25.70	553	-0.0449	
25.70	555	-0.0448	
25.70	558	-0.0450	
25.70	560	-0.0447	
25.70	563	-0.0447	
25.70	565	-0.0451	
25.70	568	-0.0451	
25.70	570	-0.0446	
25.70	573	-0.0449	
25.70	575	-0.0451	
25.70	578	-0.0451	
25.70	580	-0.0450	
25.70	583	-0.0451	
25.70	585	-0.0455	
25.70	588	-0.0454	
25.70	590	-0.0451	
25.70	593	-0.0454	
25.70	595	-0.0457	
25.70	598	-0.0456	
25.70	600	-0.0453	
25.70	603	-0.0455	
25.70	605	-0.0460	
25.70	608	-0.0454	
25.70	610	-0.0453	
25.70	613	-0.0458	
25.70	615	-0.0462	
25.70	618	-0.0457	
25.70	620	-0.0456	
25.70	623	-0.0460	
25.70	625	-0.0464	
25.70	628	-0.0460	
25.70	630	-0.0457	
25.70	633	-0.0464	
25.70	635	-0.0467	
25.70	638	-0.0462	
25.70	640	-0.0461	
25.70	643	-0.0465	
25.70	645	-0.0467	
25.70	648	-0.0461	
25.70	650	-0.0461	
25.70	653	-0.0466	
25.70	655	-0.0467	
25.70	658	-0.0462	
25.70	660	-0.0462	
25.70	663	-0.0467	
25.70	665	-0.0465	
25.70	668	-0.0464	
25.70	670	-0.0464	
25.70	673	-0.0469	
25.70	675	-0.0469	
25.70	678	-0.0467	
25.70	680	-0.0465	
25.71	683	-0.0470	
25.71	685	-0.0469	
25.72	688	-0.0468	
25.72	690	-0.0467	
25.73	693	-0.0471	
25.74	695	-0.0470	
25.75	698	-0.0467	
25.76	700	-0.0470	
25.77	703	-0.0473	
25.79	705	-0.0474	
25.81	708	-0.0470	
25.83	710	-0.0474	
25.85	713	-0.0477	
25.88	715	-0.0472	
25.91	718	-0.0471	
25.95	720	-0.0474	
25.99	723	-0.0476	
26.03	725	-0.0475	
26.08	728	-0.0473	
26.13	730	-0.0479	
26.19	733	-0.0479	
26.25	735	-0.0475	
26.31	738	-0.0472	
26.39	740	-0.0478	
26.47	743	-0.0479	
26.55	745	-0.0474	
26.64	748	-0.0473	
26.74	750	-0.0479	
26.84	753	-0.0479	
26.95	755	-0.0476	
27.07	758	-0.0475	
27.19	760	-0.0478	
27.32	763	-0.0480	
27.46	765	-0.0476	
27.61	768	-0.0476	
27.76	770	-0.0478	
27.92	773	-0.0479	
28.09	775	-0.0476	
28.27	778	-0.0476	
28.46	780	-0.0479	
28.65	783	-0.0479	
28.86	785	-0.0475	
29.07	788	-0.0478	
29.29	790	-0.0478	
29.52	793	-0.0478	
29.76	795	-0.0478	
30.00	798	-0.0480	
30.26	800	-0.0478	
30.52	803	-0.0478	
30.80	805	-0.0476	
31.08	808	-0.0480	
31.36	810	-0.0481	
31.66	813	-0.0478	
31.97	815	-0.0476	
32.29	818	-0.0479	
32.61	820	-0.0480	
32.94	823	-0.0479	
33.28	825	-0.0474	
33.64	828	-0.0479	
33.99	830	-0.0479	
34.36	833	-0.0474	
34.73	835	-0.0474	
35.11	838	-0.0478	
35.50	840	-0.0478	
35.90	843	-0.0475	
36.31	845	-0.0472	
36.72	848	-0.0476	
37.14	850	-0.0478	
37.57	853	-0.0474	
38.00	855	-0.0473	
38.45	858	-0.0477	
38.89	860	-0.0477	
39.35	863	-0.0474	
39.81	865	-0.0474	
40.28	868	-0.0477	
40.75	870	-0.0478	
41.23	873	-0.0474	
41.71	875	-0.0475	
42.20	878	-0.0477	
42.69	880	-0.0476	
43.19	883	-0.0474	
43.69	885	-0.0476	
44.20	888	-0.0480	
44.71	890	-0.0477	
45.23	893	-0.0476	
45.75	895	-0.0478	
46.27	898	-0.0480	
46.79	900	-0.0479	
47.32	903	-0.0477	
47.85	905	-0.0479	
48.39	908	-0.0482	
48.92	910	-0.0479	
49.46	913	-0.0478	
50.00	915	-0.0482	
50.54	918	-0.0484	
51.08	920	-0.0481	
51.63	923	-0.0481	
52.17	925	-0.0484	
52.72	928	-0.0486	
53.27	930	-0.0485	
53.82	933	-0.0481	
54.37	935	-0.0486	
54.92	938	-0.0489	
55.47	940	-0.0484	
56.02	943	-0.0484	
56.57	945	-0.0489	
57.12	948	-0.0489	
57.67	950	-0.0487	
58.23	953	-0.0487	
58.78	955	-0.0491	
59.33	958	-0.0491	
59.88	960	-0.0490	
60.43	963	-0.0490	
60.98	965	-0.0491	
61.53	968	-0.0494	
62.08	970	-0.0492	
62.63	973	-0.0492	
63.17	975	-0.0496	
63.72	978	-0.0495	
64.27	980	-0.0491	
64.81	983	-0.0496	
65.35	985	-0.0498	
65.89	988	-0.0498	
66.43	990	-0.0496	
66.97	993	-0.0500	
67.51	995	-0.0501	
68.05	998	-0.0500	
68.58	1000	-0.0500	
69.12	1003	-0.0503	
69.65	1005	-0.0507	
70.18	1008	-0.0503	
70.71	1010	-0.0502	
71.24	1013	-0.0505	
71.77	1015	-0.0507	
72.30	1018	-0.0505	
72.82	1020	-0.0503	
73.34	1023	-0.0510	
73.87	1025	-0.0511	
74.39	1028	-0.0507	
74.91	1030	-0.0506	
75.43	1033	-0.0510	
75.95	1035	-0.0512	
76.47	1038	-0.0510	
76.99	1040	-0.0509	
77.50	1043	-0.0513	
78.02	1045	-0.0518	
78.53	1048	-0.0513	
79.04	1050	-0.0514	
79.56	1053	-0.0518	
80.07	1055	-0.0517	
80.57	1058	-0.0513	
81.08	1060	-0.0514	
81.59	1063	-0.0517	
82.10	1065	-0.0516	
82.61	1068	-0.0513	
83.11	1070	-0.0516	
83.62	1073	-0.0519	
84.12	1075	-0.0518	
84.62	1078	-0.0517	
85.13	1080	-0.0520	
85.63	1083	-0.0523	
86.13	1085	-0.0519	
86.63	1088	-0.0519	
87.13	1090	-0.0526	
87.63	1093	-0.0524	
88.12	1095	-0.0521	
88.62	1098	-0.0521	
89.12	1100	-0.0527	
89.61	1103	-0.0528	
90.10	1105	-0.0526	
90.60	1108	-0.0525	
91.09	1110	-0.0529	
91.58	1113	-0.0530	
92.07	1115	-0.0527	
92.56	1118	-0.0528	
93.05	1120	-0.0533	
93.54	1123	-0.0532	
94.03	1125	-0.0532	
94.51	1128	-0.0530	
95.00	1130	-0.0536	
95.49	1133	-0.0536	
95.97	1135	-0.0533	
96.46	1138	-0.0532	
96.94	1140	-0.0536	
97.42	1143	-0.0537	
97.91	1145	-0.0533	
98.39	1148	-0.0536	
98.88	1150	-0.0539	
99.36	1153	-0.0537	
99.84	1155	-0.0537	
100.32	1158	-0.0538	
100.80	1160	-0.0541	
101.28	1163	-0.0539	
101.76	1165	-0.0537	
102.24	1168	-0.0541	
102.72	1170	-0.0543	
103.20	1173	-0.0539	
103.67	1175	-0.0538	
104.15	1178	-0.0543	
104.63	1180	-0.0547	
105.10	1183	-0.0543	
105.58	1185	-0.0542	
106.06	1188	-0.0546	
106.54	1190	-0.0548	
107.01	1193	-0.0544	
107.49	1195	-0.0542	
107.97	1198	-0.0550	
108.45	1200	-0.0550	
108.92	1203	-0.0547	
109.40	1205	-0.0547	
109.88	1208	-0.0549	
110.35	1210	-0.0552	
110.83	1213	-0.0547	
111.31	1215	-0.0546	
111.78	1218	-0.0551	
112.26	1220	-0.0553	
112.74	1223	-0.0548	
113.21	1225	-0.0549	
113.69	1228	-0.0554	
114.16	1230	-0.0555	
114.64	1233	-0.0550	
115.11	1235	-0.0554	
115.59	1238	-0.0556	
116.06	1240	-0.0555	
116.54	1243	-0.0551	
117.01	1245	-0.0557	
117.49	1248	-0.0558	
117.96	1250	-0.0559	
118.44	1253	-0.0556	
118.91	1255	-0.0558	
119.39	1258	-0.0561	
119.86	1260	-0.0558	
120.34	1263	-0.0557	
120.81	1265	-0.0563	
121.29	1268	-0.0564	
121.77	1270	-0.0561	
122.24	1273	-0.0557	
122.72	1275	-0.0565	
123.19	1278	-0.0567	
123.67	1280	-0.0563	
124.14	1283	-0.0561	
124.61	1285	-0.0567	
125.09	1288	-0.0567	
125.56	1290	-0.0563	
126.03	1293	-0.0562	
126.50	1295	-0.0566	
126.98	1298	-0.0565	
127.45	1300	-0.0564	
127.92	1303	-0.0567	
128.39	1305	-0.0567	
128.86	1308	-0.0568	
129.32	1310	-0.0565	
129.79	1313	-0.0568	
130.26	1315	-0.0569	
130.73	1318	-0.0570	
131.20	1320	-0.0569	
131.66	1323	-0.0571	
132.13	1325	-0.0575	
132.60	1328	-0.0573	
133.06	1330	-0.0571	
133.52	1333	-0.0575	
133.99	1335	-0.0577	
134.46	1338	-0.0573	
134.92	1340	-0.0572	
135.38	1343	-0.0579	
135.85	1345	-0.0580	
136.31	1348	-0.0578	
136.78	1350	-0.0576	
137.24	1353	-0.0582	
137.71	1355	-0.0583	
138.17	1358	-0.0578	
138.64	1360	-0.0576	
139.10	1363	-0.0583	
139.56	1365	-0.0585	
140.03	1368	-0.0580	
140.49	1370	-0.0580	
140.95	1373	-0.0584	
141.41	1375	-0.0587	
141.88	1378	-0.0582	
142.34	1380	-0.0583	
142.79	1383	-0.0586	
143.25	1385	-0.0588	
143.71	1388	-0.0584	
144.17	1390	-0.0587	
144.63	1393	-0.0590	
145.08	1395	-0.0587	
145.54	1398	-0.0586	
146.00	1400	-0.0590	
146.46	1403	-0.0590	
146.91	1405	-0.0589	
147.37	1408	-0.0587	
147.83	1410	-0.0593	
148.29	1413	-0.0593	
148.74	1415	-0.0589	
149.20	1418	-0.0589	
149.66	1420	-0.0592	
150.12	1423	-0.0595	
150.58	1425	-0.0591	
151.04	1428	-0.0589	
151.50	1430	-0.0595	
151.96	1433	-0.0597	
152.42	1435	-0.0593	
152.88	1438	-0.0593	
153.34	1440	-0.0597	
153.79	1443	-0.0598	
154.25	1445	-0.0593	
154.71	1448	-0.0592	
155.17	1450	-0.0599	
155.63	1453	-0.0599	
156.09	1455	-0.0597	
156.55	1458	-0.0595	
157.00	1460	-0.0599	
157.46	1463	-0.0600	
157.92	1465	-0.0596	
158.38	1468	-0.0599	
158.84	1470	-0.0602	
159.29	1473	-0.0600	
159.75	1475	-0.0599	
160.21	1478	-0.0601	
160.67	1480	-0.0605	
161.13	1483	-0.0602	
161.59	1485	-0.0599	
162.05	1488	-0.0604	
162.52	1490	-0.0606	
162.98	1493	-0.0602	
163.44	1495	-0.0599	
163.90	1498	-0.0604	
164.36	1500	-0.0608	
164.82	1503	-0.0603	
165.28	1505	-0.0602	
165.74	1508	-0.0608	
166.20	1510	-0.0611	
166.66	1513	-0.0607	
167.12	1515	-0.0603	
167.57	1518	-0.0609	
168.03	1520	-0.0610	
168.49	1523	-0.0605	
168.94	1525	-0.0606	
169.40	1528	-0.0613	
169.86	1530	-0.0612	
170.32	1533	-0.0608	
170.77	1535	-0.0608	
171.23	1538	-0.0613	
171.68	1540	-0.0610	
172.13	1543	-0.0608	
172.59	1545	-0.0609	
173.04	1548	-0.0613	
173.49	1550	-0.0614	
173.94	1553	-0.0612	
174.39	1555	-0.0612	
174.84	1558	-0.0613	
175.29	1560	-0.0611	
175.74	1563	-0.0610	
176.19	1565	-0.0614	
176.64	1568	-0.0616	
177.09	1570	-0.0614	
177.53	1573	-0.0613	
177.98	1575	-0.0616	
178.43	1578	-0.0619	
178.88	1580	-0.0616	
179.33	1583	-0.0613	
179.77	1585	-0.0618	
180.22	1588	-0.0620	
180.67	1590	-0.0616	
181.12	1593	-0.0614	
181.57	1595	-0.0620	
182.02	1598	-0.0620	
182.47	1600	-0.0617	
182.92	1603	-0.0616	
183.37	1605	-0.0619	
183.82	1608	-0.0622	
184.27	1610	-0.0620	
184.72	1613	-0.0619	
185.17	1615	-0.0623	
185.62	1618	-0.0625	
186.06	1620	-0.0621	
186.51	1623	-0.0621	
186.96	1625	-0.0625	
187.40	1628	-0.0624	
187.85	1630	-0.0621	
188.29	1633	-0.0621	
188.74	1635	-0.0623	
189.19	1638	-0.0625	
189.63	1640	-0.0623	
190.08	1643	-0.0624	
190.52	1645	-0.0629	
190.97	1648	-0.0627	
191.41	1650	-0.0624	
191.85	1653	-0.0625	
192.30	1655	-0.0628	
192.74	1658	-0.0627	
193.19	1660	-0.0623	
193.63	1663	-0.0628	
194.07	1665	-0.0630	
194.52	1668	-0.0627	
194.96	1670	-0.0625	
195.40	1673	-0.0629	
195.84	1675	-0.0633	
196.28	1678	-0.0628	
196.73	1680	-0.0627	
197.17	1683	-0.0632	
197.61	1685	-0.0635	
198.05	1688	-0.0630	
198.49	1690	-0.0630	
198.93	1693	-0.0635	
199.37	1695	-0.0636	
199.80	1698	-0.0630	
200.25	1700	-0.0630	
200.68	1703	-0.0636	
201.12	1705	-0.0636	
201.56	1708	-0.0631	
202.00	1710	-0.0632	
202.43	1713	-0.0636	
202.87	1715	-0.0636	
203.31	1718	-0.0632	
203.75	1720	-0.0633	
204.18	1723	-0.0637	
204.62	1725	-0.0636	
205.06	1728	-0.0633	
205.50	1730	-0.0637	
205.94	1733	-0.0638	
206.37	1735	-0.0638	
206.81	1738	-0.0637	
207.25	1740	-0.0637	
207.69	1743	-0.0641	
208.13	1745	-0.0640	
208.57	1748	-0.0636	
209.01	1750	-0.0640	
209.45	1753	-0.0641	
209.89	1755	-0.0640	
210.33	1758	-0.0636	
210.77	1760	-0.0644	
211.21	1763	-0.0644	
211.65	1765	-0.0641	
212.09	1768	-0.0639	
212.53	1770	-0.0643	
212.97	1773	-0.0645	
213.40	1775	-0.0641	
213.84	1778	-0.0639	
214.28	1780	-0.0644	
214.72	1783	-0.0646	
215.16	1785	-0.0642	
215.60	1788	-0.0640	
216.03	1790	-0.0643	
216.47	1793	-0.0645	
216.91	1795	-0.0643	
217.35	1798	-0.0641	
217.78	1800	-0.0646	
218.22	1803	-0.0647	
218.66	1805	-0.0643	
219.09	1808	-0.0642	
219.53	1810	-0.0645	
219.96	1813	-0.0648	
220.40	1815	-0.0643	
220.84	1818	-0.0644	
221.27	1820	-0.0648	
221.71	1823	-0.0649	
222.15	1825	-0.0645	
222.58	1828	-0.0645	
223.02	1830	-0.0648	
223.46	1833	-0.0648	
223.90	1835	-0.0647	
224.34	1838	-0.0648	
224.77	1840	-0.0651	
225.21	1843	-0.0650	
225.65	1845	-0.0646	
226.09	1848	-0.0649	
226.52	1850	-0.0652	
226.96	1853	-0.0650	
227.40	1855	-0.0648	
227.84	1858	-0.0651	
228.28	1860	-0.0654	
228.72	1863	-0.0652	
229.16	1865	-0.0649	
229.59	1868	-0.0652	
230.03	1870	-0.0655	
230.46	1873	-0.0653	
230.90	1875	-0.0651	
231.34	1878	-0.0656	
231.77	1880	-0.0657	
232.21	1883	-0.0653	
232.64	1885	-0.0651	
233.08	1888	-0.0657	
233.52	1890	-0.0658	
233.95	1893	-0.0654	
234.39	1895	-0.0653	
234.82	1898	-0.0657	
235.26	1900	-0.0659	
235.69	1903	-0.0657	
236.13	1905	-0.0654	
236.57	1908	-0.0656	
237.00	1910	-0.0660	
237.44	1913	-0.0658	
237.87	1915	-0.0657	
238.31	1918	-0.0660	
238.75	1920	-0.0663	
239.18	1923	-0.0657	
239.62	1925	-0.0657	
240.05	1928	-0.0661	
240.48	1930	-0.0661	
240.92	1933	-0.0657	
241.35	1935	-0.0658	
241.79	1938	-0.0663	
242.22	1940	-0.0662	
242.66	1943	-0.0661	
243.09	1945	-0.0660	
243.52	1948	-0.0662	
243.96	1950	-0.0663	
244.39	1953	-0.0660	
244.82	1955	-0.0661	
245.26	1958	-0.0663	
245.69	1960	-0.0665	
246.13	1963	-0.0662	
246.56	1965	-0.0665	
246.99	1968	-0.0667	
247.43	1970	-0.0665	
247.86	1973	-0.0665	
248.29	1975	-0.0666	
248.72	1978	-0.0667	
249.15	1980	-0.0666	
249.58	1983	-0.0663	
250.02	1985	-0.0668	
250.44	1988	-0.0668	
250.88	1990	-0.0666	
251.30	1993	-0.0666	
251.73	1995	-0.0667	
252.16	1998	-0.0672	
252.59	2000	-0.0668	
253.02	2003	-0.0665	
253.45	2005	-0.0670	
253.88	2008	-0.0670	
254.30	2010	-0.0669	
254.73	2013	-0.0666	
255.16	2015	-0.0668	
255.59	2018	-0.0669	
256.02	2020	-0.0668	
256.45	2023	-0.0667	
256.88	2025	-0.0672	
257.31	2028	-0.0672	
257.73	2030	-0.0668	
258.16	2033	-0.0666	
258.59	2035	-0.0673	
259.02	2038	-0.0672	
259.45	2040	-0.0670	
259.87	2043	-0.0670	
260.30	2045	-0.0672	
260.74	2048	-0.0674	
261.16	2050	-0.0669	
261.59	2053	-0.0669	
262.02	2055	-0.0672	
262.45	2058	-0.0673	
262.88	2060	-0.0671	
263.31	2063	-0.0672	
263.74	2065	-0.0676	
264.17	2068	-0.0672	
264.60	2070	-0.0671	
265.03	2073	-0.0672	
265.46	2075	-0.0677	
265.89	2078	-0.0674	
266.31	2080	-0.0671	
266.74	2083	-0.0675	
267.17	2085	-0.0676	
267.60	2088	-0.0675	
268.02	2090	-0.0672	
268.45	2093	-0.0679	
268.87	2095	-0.0680	
269.30	2098	-0.0676	
269.72	2100	-0.0674	
270.15	2103	-0.0680	
270.57	2105	-0.0682	
271.00	2108	-0.0677	
271.42	2110	-0.0675	
271.84	2113	-0.0679	
272.27	2115	-0.0684	
272.69	2118	-0.0678	
273.12	2120	-0.0679	
273.54	2123	-0.0680	
273.97	2125	-0.0683	
274.40	2128	-0.0679	
274.82	2130	-0.0680	
275.25	2133	-0.0681	
275.68	2135	-0.0685	
276.11	2138	-0.0681	
276.54	2140	-0.0682	
276.97	2143	-0.0684	
277.40	2145	-0.0683	
277.83	2148	-0.0681	
278.26	2150	-0.0681	
278.69	2153	-0.0684	
279.12	2155	-0.0685	
279.55	2158	-0.0683	
279.98	2160	-0.0684	
280.41	2163	-0.0685	
280.84	2165	-0.0686	
281.27	2168	-0.0683	
281.70	2170	-0.0687	
282.13	2173	-0.0686	
282.56	2175	-0.0686	
282.99	2178	-0.0685	
283.41	2180	-0.0688	
283.84	2183	-0.0690	
284.27	2185	-0.0687	
284.70	2188	-0.0687	
285.12	2190	-0.0689	
285.55	2193	-0.0689	
285.98	2195	-0.0688	
286.41	2198	-0.0687	
286.83	2200	-0.0690	
287.26	2203	-0.0693	
287.69	2205	-0.0689	
288.11	2208	-0.0686	
288.54	2210	-0.0694	
288.97	2213	-0.0693	
289.39	2215	-0.0690	
289.82	2218	-0.0690	
290.25	2220	-0.0692	
290.67	2223	-0.0694	
291.10	2225	-0.0690	
291.52	2228	-0.0693	
291.95	2230	-0.0694	
292.38	2233	-0.0695	
292.80	2235	-0.0692	
293.23	2238	-0.0691	
293.65	2240	-0.0694	
294.07	2243	-0.0696	
294.49	2245	-0.0692	
294.91	2248	-0.0691	
295.34	2250	-0.0693	
295.76	2253	-0.0694	
296.18	2255	-0.0691	
296.60	2258	-0.0692	
297.02	2260	-0.0694	
297.44	2263	-0.0694	
297.86	2265	-0.0691	
298.28	2268	-0.0693	
298.70	2270	-0.0696	
299.12	2273	-0.0696	
299.54	2275	-0.0692	
299.96	2278	-0.0696	
300.38	2280	-0.0697	
300.80	2283	-0.0698	
301.22	2285	-0.0693	
301.65	2288	-0.0695	
302.07	2290	-0.0697	
302.50	2293	-0.0696	
302.92	2295	-0.0695	
303.35	2298	-0.0698	
303.78	2300	-0.0701	
304.20	2303	-0.0699	
304.63	2305	-0.0697	
305.06	2308	-0.0702	
305.49	2310	-0.0702	
305.92	2313	-0.0697	
306.34	2315	-0.0697	
306.77	2318	-0.0702	
307.20	2320	-0.0704	
307.63	2323	-0.0699	
308.05	2325	-0.0698	
308.48	2328	-0.0703	
308.91	2330	-0.0705	
309.33	2333	-0.0699	
309.76	2335	-0.0701	
310.18	2338	-0.0705	
310.61	2340	-0.0704	
311.03	2343	-0.0701	
311.46	2345	-0.0703	
311.88	2348	-0.0705	
312.31	2350	-0.0704	
312.73	2353	-0.0702	
313.15	2355	-0.0704	
313.58	2358	-0.0709	
314.00	2360	-0.0704	
314.43	2363	-0.0705	
314.85	2365	-0.0705	
315.28	2368	-0.0709	
315.71	2370	-0.0708	
316.13	2373	-0.0705	
316.55	2375	-0.0707	
316.98	2378	-0.0709	
317.41	2380	-0.0705	
317.84	2383	-0.0704	
318.26	2385	-0.0708	
318.69	2388	-0.0710	
319.12	2390	-0.0708	
319.55	2393	-0.0706	
319.97	2395	-0.0711	
320.40	2398	-0.0711	
320.83	2400	-0.0709	
321.26	2403	-0.0706	
321.69	2405	-0.0711	
322.12	2408	-0.0714	
322.55	2410	-0.0710	
322.98	2413	-0.0709	
323.41	2415	-0.0713	
323.84	2418	-0.0714	
324.26	2420	-0.0712	
324.69	2423	-0.0710	
325.12	2425	-0.0713	
325.54	2428	-0.0716	
325.97	2430	-0.0712	
326.40	2433	-0.0710	
326.82	2435	-0.0714	
327.25	2438	-0.0715	
327.67	2440	-0.0714	
328.10	2443	-0.0713	
328.53	2445	-0.0715	
328.96	2448	-0.0718	
329.39	2450	-0.0713	
329.81	2453	-0.0714	
330.24	2455	-0.0720	
330.67	2458	-0.0717	
331.10	2460	-0.0715	
331.53	2463	-0.0714	
331.95	2465	-0.0719	
332.38	2468	-0.0715	
332.80	2470	-0.0714	
333.23	2473	-0.0718	
333.66	2475	-0.0720	
334.08	2478	-0.0715	
334.51	2480	-0.0715	
334.93	2483	-0.0718	
335.35	2485	-0.0721	
335.78	2488	-0.0717	
336.20	2490	-0.0714	
336.63	2493	-0.0719	
337.04	2495	-0.0721	
337.47	2498	-0.0719	
337.89	2500	-0.0717	
338.32	2503	-0.0722	
338.74	2505	-0.0722	
339.16	2508	-0.0719	
339.58	2510	-0.0719	
340.00	2513	-0.0722	
340.41	2515	-0.0724	
340.83	2518	-0.0721	
341.25	2520	-0.0719	
341.66	2523	-0.0724	
342.08	2525	-0.0726	
342.49	2528	-0.0725	
342.90	2530	-0.0720	
343.32	2533	-0.0724	
343.73	2535	-0.0726	
344.15	2538	-0.0722	
344.56	2540	-0.0723	
344.98	2543	-0.0725	
345.39	2545	-0.0724	
345.80	2548	-0.0723	
346.22	2550	-0.0726	
346.63	2553	-0.0729	
347.05	2555	-0.0728	
347.46	2558	-0.0726	
347.88	2560	-0.0728	
348.29	2563	-0.0730	
348.71	2565	-0.0729	
349.12	2568	-0.0724	
349.54	2570	-0.0730	
349.96	2573	-0.0731	
350.38	2575	-0.0729	
350.80	2578	-0.0725	
351.21	2580	-0.0731	
351.63	2583	-0.0733	
352.04	2585	-0.0731	
352.46	2588	-0.0727	
352.88	2590	-0.0734	
353.30	2593	-0.0733	
353.71	2595	-0.0729	
354.13	2598	-0.0728	
354.55	2600	-0.0733	
354.97	2603	-0.0735	
355.39	2605	-0.0733	
355.81	2608	-0.0731	
356.24	2610	-0.0734	
356.66	2613	-0.0733	
357.08	2615	-0.0731	
357.50	2618	-0.0733	
357.92	2620	-0.0737	
358.35	2623	-0.0736	
358.77	2625	-0.0732	
359.20	2628	-0.0733	
359.63	2630	-0.0737	
360.05	2633	-0.0737	
360.48	2635	-0.0733	
360.90	2638	-0.0736	
361.32	2640	-0.0738	
361.75	2643	-0.0736	
362.17	2645	-0.0733	
362.60	2648	-0.0739	
363.02	2650	-0.0743	
363.44	2653	-0.0737	
363.86	2655	-0.0735	
364.28	2658	-0.0739	
364.70	2660	-0.0743	
365.12	2663	-0.0737	
365.53	2665	-0.0736	
365.95	2668	-0.0740	
366.37	2670	-0.0742	
366.78	2673	-0.0740	
367.20	2675	-0.0737	
367.61	2678	-0.0742	
368.03	2680	-0.0743	
368.45	2683	-0.0741	
368.86	2685	-0.0740	
369.28	2688	-0.0743	
369.70	2690	-0.0745	
370.12	2693	-0.0742	
370.54	2695	-0.0742	
370.96	2698	-0.0746	
371.38	2700	-0.0745	
371.81	2703	-0.0742	
372.23	2705	-0.0744	
372.65	2708	-0.0746	
373.08	2710	-0.0747	
373.50	2713	-0.0743	
373.93	2715	-0.0744	
374.36	2718	-0.0747	
374.78	2720	-0.0745	
375.21	2723	-0.0742	
375.64	2725	-0.0746	
376.07	2728	-0.0749	
376.49	2730	-0.0746	
376.92	2733	-0.0744	
377.35	2735	-0.0750	
377.78	2738	-0.0751	
378.21	2740	-0.0747	
378.64	2743	-0.0746	
379.07	2745	-0.0747	
379.49	2748	-0.0751	
379.92	2750	-0.0748	
380.35	2753	-0.0747	
380.78	2755	-0.0753	
381.21	2758	-0.0752	
381.64	2760	-0.0750	
382.07	2763	-0.0749	
382.49	2765	-0.0753	
382.92	2768	-0.0754	
383.35	2770	-0.0751	
383.78	2773	-0.0750	
384.20	2775	-0.0754	
384.63	2778	-0.0755	
385.06	2780	-0.0752	
385.48	2783	-0.0751	
385.91	2785	-0.0758	
386.33	2788	-0.0756	
386.76	2790	-0.0754	
387.19	2793	-0.0755	
387.61	2795	-0.0757	
388.04	2798	-0.0757	
388.46	2800	-0.0756	
388.89	2803	-0.0756	
389.31	2805	-0.0758	
389.74	2808	-0.0757	
390.16	2810	-0.0754	
390.58	2813	-0.0759	
391.00	2815	-0.0760	
391.42	2818	-0.0760	
391.84	2820	-0.0756	
392.26	2823	-0.0762	
392.68	2825	-0.0762	
393.10	2828	-0.0760	
393.52	2830	-0.0758	
393.94	2833	-0.0762	
394.36	2835	-0.0764	
394.78	2838	-0.0759	
395.21	2840	-0.0760	
395.63	2843	-0.0763	
396.06	2845	-0.0766	
396.48	2848	-0.0763	
396.91	2850	-0.0762	
397.33	2853	-0.0764	
397.76	2855	-0.0763	
398.18	2858	-0.0762	
398.61	2860	-0.0762	
399.03	2863	-0.0767	
399.46	2865	-0.0767	
399.88	2868	-0.0763	
400.30	2870	-0.0764	
400.72	2873	-0.0770	
401.14	2875	-0.0768	
401.57	2878	-0.0766	
401.99	2880	-0.0767	
402.40	2883	-0.0769	
402.82	2885	-0.0769	
403.24	2888	-0.0765	
403.65	2890	-0.0769	
404.06	2893	-0.0773	
404.48	2895	-0.0770	
404.89	2898	-0.0766	
405.31	2900	-0.0769	
405.72	2903	-0.0773	
406.14	2905	-0.0769	
406.55	2908	-0.0766	
406.97	2910	-0.0773	
407.38	2913	-0.0775	
407.80	2915	-0.0770	
408.22	2918	-0.0769	
408.63	2920	-0.0773	
409.05	2923	-0.0775	
409.47	2925	-0.0773	
409.88	2928	-0.0771	
410.30	2930	-0.0775	
410.73	2933	-0.0778	
411.15	2935	-0.0773	
411.57	2938	-0.0775	
411.99	2940	-0.0779	
412.41	2943	-0.0779	
412.83	2945	-0.0777	
413.25	2948	-0.0777	
413.67	2950	-0.0780	
414.09	2953	-0.0779	
414.50	2955	-0.0777	
414.92	2958	-0.0776	
415.33	2960	-0.0781	
415.75	2963	-0.0782	
416.17	2965	-0.0777	
416.59	2968	-0.0778	
417.01	2970	-0.0781	
417.43	2973	-0.0779	
417.85	2975	-0.0774	
418.27	2978	-0.0778	
418.69	2980	-0.0781	
419.11	2983	-0.0777	
419.53	2985	-0.0777	
419.95	2988	-0.0782	
420.37	2990	-0.0783	
420.79	2993	-0.0779	
421.21	2995	-0.0778	
421.63	2998	-0.0782	
422.05	3000	-0.0785	
422.48	3003	-0.0780	
422.90	3005	-0.0780	
423.32	3008	-0.0785	
423.75	3010	-0.0786	
424.17	3013	-0.0782	
424.59	3015	-0.0783	
425.01	3018	-0.0788	
425.43	3020	-0.0788	
425.85	3023	-0.0786	
426.27	3025	-0.0786	
426.69	3028	-0.0788	
427.11	3030	-0.0788	
427.53	3033	-0.0787	
427.95	3035	-0.0788	
428.36	3038	-0.0790	
428.78	3040	-0.0790	
429.20	3043	-0.0787	
429.61	3045	-0.0789	
430.03	3048	-0.0792	
430.45	3050	-0.0790	
430.86	3053	-0.0788	
431.28	3055	-0.0789	
431.69	3058	-0.0792	
432.10	3060	-0.0789	
432.52	3063	-0.0788	
432.94	3065	-0.0793	
433.35	3068	-0.0794	
433.77	3070	-0.0791	
434.19	3073	-0.0789	
434.61	3075	-0.0794	
435.03	3078	-0.0794	
435.44	3080	-0.0794	
435.86	3083	-0.0791	
436.27	3085	-0.0797	
436.69	3088	-0.0798	
437.11	3090	-0.0794	
437.53	3093	-0.0794	
437.95	3095	-0.0797	
438.36	3098	-0.0799	
438.78	3100	-0.0795	
439.20	3103	-0.0794	
439.62	3105	-0.0799	
440.04	3108	-0.0799	
440.46	3110	-0.0797	
440.88	3113	-0.0797	
441.30	3115	-0.0801	
441.72	3118	-0.0801	
442.14	3120	-0.0801	
442.56	3123	-0.0799	
442.99	3125	-0.0801	
443.41	3128	-0.0801	
443.83	3130	-0.0799	
444.25	3133	-0.0799	
444.67	3135	-0.0803	
445.10	3138	-0.0804	
445.52	3140	-0.0800	
445.95	3143	-0.0802	
446.37	3145	-0.0805	
446.79	3148	-0.0803	
447.21	3150	-0.0801	
447.63	3153	-0.0804	
448.04	3155	-0.0807	
448.46	3158	-0.0804	
448.87	3160	-0.0802	
449.28	3163	-0.0806	
449.70	3165	-0.0810	
450.11	3168	-0.0806	
450.53	3170	-0.0803	
450.94	3173	-0.0808	
451.35	3175	-0.0808	
451.77	3178	-0.0806	
452.18	3180	-0.0806	
452.59	3183	-0.0809	
453.01	3185	-0.0814	
453.42	3188	-0.0810	
453.83	3190	-0.0806	
454.25	3193	-0.0810	
454.67	3195	-0.0813	
455.09	3198	-0.0810	
455.51	3200	-0.0808	
455.93	3203	-0.0813	
456.35	3205	-0.0814	
456.77	3208	-0.0810	
457.19	3210	-0.0808	
457.61	3213	-0.0813	
458.03	3215	-0.0813	
458.45	3218	-0.0807	
458.87	3220	-0.0809	
459.28	3223	-0.0813	
459.70	3225	-0.0815	
460.12	3228	-0.0810	
460.53	3230	-0.0811	
460.94	3233	-0.0814	
461.36	3235	-0.0815	
461.77	3238	-0.0811	
462.19	3240	-0.0814	
462.61	3243	-0.0815	
463.02	3245	-0.0815	
463.44	3248	-0.0813	
463.85	3250	-0.0815	
464.27	3253	-0.0818	
464.68	3255	-0.0816	
465.10	3258	-0.0813	
465.51	3260	-0.0815	
465.93	3263	-0.0819	
466.34	3265	-0.0816	
466.75	3268	-0.0813	
467.17	3270	-0.0819	
467.58	3273	-0.0819	
468.00	3275	-0.0815	
468.41	3278	-0.0813	
468.83	3280	-0.0820	
469.24	3283	-0.0821	
469.65	3285	-0.0817	
470.07	3288	-0.0816	
470.48	3290	-0.0820	
470.89	3293	-0.0823	
471.31	3295	-0.0819	
471.72	3298	-0.0817	
472.14	3300	-0.0822	
472.55	3303	-0.0823	
472.97	3305	-0.0821	
473.39	3308	-0.0819	
473.81	3310	-0.0824	
474.22	3313	-0.0824	
474.64	3315	-0.0821	
475.05	3318	-0.0818	
475.47	3320	-0.0825	
475.88	3323	-0.0825	
476.30	3325	-0.0821	
476.71	3328	-0.0823	
477.13	3330	-0.0825	
477.54	3333	-0.0826	
477.96	3335	-0.0823	
478.38	3338	-0.0823	
478.80	3340	-0.0827	
479.22	3343	-0.0827	
479.64	3345	-0.0826	
480.06	3348	-0.0826	
480.48	3350	-0.0829	
480.90	3353	-0.0828	
481.32	3355	-0.0824	
481.73	3358	-0.0828	
482.15	3360	-0.0829	
482.57	3363	-0.0827	
482.98	3365	-0.0825	
483.40	3368	-0.0829	
483.82	3370	-0.0832	
484.24	3373	-0.0828	
484.65	3375	-0.0826	
485.07	3378	-0.0829	
485.49	3380	-0.0831	
485.91	3383	-0.0830	
486.33	3385	-0.0828	
486.75	3388	-0.0832	
487.18	3390	-0.0834	
487.61	3393	-0.0829	
488.03	3395	-0.0826	
488.46	3398	-0.0832	
488.89	3400	-0.0835	
489.31	3403	-0.0831	
489.74	3405	-0.0830	
490.17	3408	-0.0834	
490.59	3410	-0.0835	
491.01	3413	-0.0833	
491.43	3415	-0.0832	
491.86	3418	-0.0836	
492.29	3420	-0.0837	
492.71	3423	-0.0834	
493.13	3425	-0.0833	
493.56	3428	-0.0836	
493.98	3430	-0.0836	
494.40	3433	-0.0833	
494.82	3435	-0.0834	
495.23	3438	-0.0839	
495.65	3440	-0.0837	
496.07	3443	-0.0834	
496.49	3445	-0.0835	
496.90	3448	-0.0840	
497.33	3450	-0.0838	
497.75	3453	-0.0835	
498.17	3455	-0.0838	
498.59	3458	-0.0839	
499.02	3460	-0.0837	
499.44	3463	-0.0834	
499.86	3465	-0.0836	
500.29	3468	-0.0839	
500.72	3470	-0.0838	
501.14	3473	-0.0834	
501.57	3475	-0.0839	
501.99	3478	-0.0841	
502.42	3480	-0.0838	
502.83	3483	-0.0834	
503.25	3485	-0.0839	
503.67	3488	-0.0839	
504.09	3490	-0.0837	
504.51	3493	-0.0836	
504.92	3495	-0.0841	
505.34	3498	-0.0842	
505.75	3500	-0.0839	
506.16	3503	-0.0837	
506.58	3505	-0.0842	
506.99	3508	-0.0843	
507.40	3510	-0.0840	
507.81	3513	-0.0840	
508.22	3515	-0.0843	
508.63	3518	-0.0844	
509.04	3520	-0.0839	
509.45	3523	-0.0838	
509.86	3525	-0.0842	
510.27	3528	-0.0845	
510.68	3530	-0.0842	
511.10	3533	-0.0843	
511.52	3535	-0.0846	
511.94	3538	-0.0846	
512.36	3540	-0.0844	
512.77	3543	-0.0844	
513.19	3545	-0.0850	
513.61	3548	-0.0848	
514.03	3550	-0.0843	
514.45	3553	-0.0846	
514.87	3555	-0.0848	
515.29	3558	-0.0848	
515.70	3560	-0.0846	
516.12	3563	-0.0847	
516.53	3565	-0.0852	
516.94	3568	-0.0851	
517.35	3570	-0.0850	
517.77	3573	-0.0853	
518.18	3575	-0.0854	
518.59	3578	-0.0854	
519.00	3580	-0.0853	
519.41	3583	-0.0855	
519.82	3585	-0.0858	
520.23	3588	-0.0854	
520.65	3590	-0.0853	
521.06	3593	-0.0857	
521.47	3595	-0.0859	
521.88	3598	-0.0855	
522.29	3600	-0.0854	
522.70	3603	-0.0860	
523.11	3605	-0.0863	
523.51	3608	-0.0860	
523.93	3610	-0.0857	
524.34	3613	-0.0862	
524.75	3615	-0.0864	
525.16	3618	-0.0860	
525.57	3620	-0.0859	
525.98	3623	-0.0864	
526.39	3625	-0.0865	
526.80	3628	-0.0863	
527.21	3630	-0.0863	
527.62	3633	-0.0868	
528.03	3635	-0.0868	
528.44	3638	-0.0867	
528.86	3640	-0.0866	
529.27	3643	-0.0873	
529.68	3645	-0.0872	
530.10	3648	-0.0868	
530.52	3650	-0.0870	
530.93	3653	-0.0875	
531.36	3655	-0.0874	
531.78	3658	-0.0870	
532.20	3660	-0.0874	
532.63	3663	-0.0879	
533.06	3665	-0.0876	
533.48	3668	-0.0875	
533.91	3670	-0.0878	
534.34	3673	-0.0881	
534.77	3675	-0.0878	
535.20	3678	-0.0878	
535.62	3680	-0.0880	
536.05	3683	-0.0886	
536.48	3685	-0.0880	
536.90	3688	-0.0881	
537.32	3690	-0.0882	
537.74	3693	-0.0886	
538.17	3695	-0.0884	
538.59	3698	-0.0881	
539.01	3700	-0.0889	
539.43	3703	-0.0890	
539.84	3705	-0.0887	
540.26	3708	-0.0887	
540.68	3710	-0.0890	
541.09	3713	-0.0894	
541.51	3715	-0.0890	
541.92	3718	-0.0890	
542.34	3720	-0.0894	
542.75	3723	-0.0898	
543.17	3725	-0.0895	
543.59	3728	-0.0896	
544.00	3730	-0.0899	
544.42	3733	-0.0900	
544.84	3735	-0.0898	
545.26	3738	-0.0899	
545.68	3740	-0.0902	
546.10	3743	-0.0904	
546.52	3745	-0.0902	
546.94	3748	-0.0904	
547.36	3750	-0.0909	
547.78	3753	-0.0909	
548.20	3755	-0.0907	
548.62	3758	-0.0911	
549.03	3760	-0.0916	
549.45	3763	-0.0912	
549.87	3765	-0.0911	
550.29	3768	-0.0916	
550.71	3770	-0.0919	
551.14	3773	-0.0916	
551.57	3775	-0.0916	
551.99	3778	-0.0922	
552.42	3780	-0.0924	
552.85	3783	-0.0922	
553.28	3785	-0.0922	
553.70	3788	-0.0928	
554.13	3790	-0.0931	
554.55	3793	-0.0928	
554.97	3795	-0.0927	
555.39	3798	-0.0935	
555.82	3800	-0.0935	
556.24	3803	-0.0934	
556.66	3805	-0.0935	
557.08	3808	-0.0940	
557.51	3810	-0.0943	
557.94	3813	-0.0939	
558.37	3815	-0.0938	
558.80	3818	-0.0944	
559.23	3820	-0.0947	
559.66	3823	-0.0947	
560.09	3825	-0.0949	
560.52	3828	-0.0955	
560.95	3830	-0.0955	
561.38	3833	-0.0954	
561.81	3835	-0.0959	
562.24	3838	-0.0962	
562.67	3840	-0.0962	
563.10	3843	-0.0962	
563.52	3845	-0.0965	
563.95	3848	-0.0971	
564.37	3850	-0.0968	
564.80	3853	-0.0972	
565.23	3855	-0.0976	
565.65	3858	-0.0980	
566.07	3860	-0.0979	
566.48	3863	-0.0978	
566.90	3865	-0.0986	
567.31	3868	-0.0990	
567.73	3870	-0.0989	
568.14	3873	-0.0989	
568.55	3875	-0.0996	
568.96	3878	-0.1000	
569.37	3880	-0.0998	
569.78	3883	-0.1000	
570.19	3885	-0.1006	
570.60	3888	-0.1012	
571.02	3890	-0.1011	
571.43	3893	-0.1014	
571.84	3895	-0.1020	
572.26	3898	-0.1024	
572.67	3900	-0.1023	
573.09	3903	-0.1025	
573.49	3905	-0.1033	
573.91	3908	-0.1035	
574.33	3910	-0.1034	
574.75	3913	-0.1038	
575.16	3915	-0.1045	
575.58	3918	-0.1047	
575.99	3920	-0.1049	
576.41	3923	-0.1053	
576.82	3925	-0.1056	
577.24	3928	-0.1060	
577.65	3930	-0.1061	
578.06	3933	-0.1067	
578.47	3935	-0.1072	
578.89	3938	-0.1074	
579.30	3940	-0.1076	
579.71	3943	-0.1082	
580.12	3945	-0.1088	
580.53	3948	-0.1087	
580.94	3950	-0.1092	
581.36	3953	-0.1097	
581.77	3955	-0.1104	
582.18	3958	-0.1104	
582.60	3960	-0.1106	
583.01	3963	-0.1114	
583.43	3965	-0.1120	
583.84	3968	-0.1122	
584.25	3970	-0.1125	
584.67	3973	-0.1135	
585.08	3975	-0.1142	
585.49	3978	-0.1141	
585.90	3980	-0.1143	
586.32	3983	-0.1154	
586.73	3985	-0.1159	
587.14	3988	-0.1160	
587.56	3990	-0.1166	
587.98	3993	-0.1173	
588.40	3995	-0.1178	
588.81	3998	-0.1180	
589.23	4000	-0.1185	
589.65	4003	-0.1197	
590.06	4005	-0.1201	
590.48	4008	-0.1204	
590.90	4010	-0.1211	
591.32	4013	-0.1220	
591.74	4015	-0.1223	
592.16	4018	-0.1227	
592.58	4020	-0.1237	
593.00	4023	-0.1246	
593.41	4025	-0.1249	
593.83	4028	-0.1253	
594.23	4030	-0.1263	
594.65	4033	-0.1271	
595.06	4035	-0.1274	
595.47	4038	-0.1278	
595.88	4040	-0.1289	
596.30	4043	-0.1301	
596.71	4045	-0.1303	
597.12	4048	-0.1310	
597.53	4050	-0.1320	
597.95	4053	-0.1329	
598.36	4055	-0.1332	
598.77	4058	-0.1338	
599.18	4060	-0.1352	
599.60	4063	-0.1359	
600.01	4065	-0.1366	
600.42	4068	-0.1374	
600.84	4070	-0.1386	
601.25	4073	-0.1393	
601.67	4075	-0.1400	
602.09	4078	-0.1408	
602.49	4080	-0.1420	
602.91	4083	-0.1424	
603.33	4085	-0.1432	
603.76	4088	-0.1445	
604.18	4090	-0.1454	
604.60	4093	-0.1463	
605.03	4095	-0.1471	
605.45	4098	-0.1484	
605.87	4100	-0.1498	
606.29	4103	-0.1504	
606.70	4105	-0.1507	
607.12	4108	-0.1525	
607.54	4110	-0.1538	
607.96	4113	-0.1544	
608.38	4115	-0.1553	
608.80	4118	-0.1569	
609.22	4120	-0.1582	
609.63	4123	-0.1590	
610.05	4125	-0.1600	
610.47	4128	-0.1615	
610.89	4130	-0.1629	
611.32	4133	-0.1637	
611.74	4135	-0.1647	
612.17	4138	-0.1664	
612.59	4140	-0.1674	
613.01	4143	-0.1684	
613.44	4145	-0.1699	
613.86	4148	-0.1714	
614.27	4150	-0.1729	
614.70	4153	-0.1738	
615.12	4155	-0.1753	
615.54	4158	-0.1770	
615.96	4160	-0.1782	
616.38	4163	-0.1795	
616.80	4165	-0.1812	
617.23	4168	-0.1829	
617.65	4170	-0.1839	
618.07	4173	-0.1853	
618.49	4175	-0.1871	
618.91	4178	-0.1890	
619.33	4180	-0.1900	
619.76	4183	-0.1913	
620.18	4185	-0.1932	
620.60	4188	-0.1950	
621.02	4190	-0.1963	
621.44	4193	-0.1979	
621.86	4195	-0.1999	
622.28	4198	-0.2018	
622.69	4200	-0.2032	
623.11	4203	-0.2048	
623.52	4205	-0.2069	
623.94	4208	-0.2088	
624.35	4210	-0.2105	
624.77	4213	-0.2123	
625.18	4215	-0.2145	
625.60	4218	-0.2162	
626.01	4220	-0.2180	
626.43	4223	-0.2201	
626.84	4225	-0.2224	
627.26	4228	-0.2242	
627.67	4230	-0.2261	
628.07	4233	-0.2282	
628.49	4235	-0.2307	
628.90	4238	-0.2327	
629.31	4240	-0.2347	
629.72	4243	-0.2371	
630.13	4245	-0.2395	
630.54	4248	-0.2413	
630.94	4250	-0.2435	
631.35	4253	-0.2463	
631.76	4255	-0.2486	
632.17	4258	-0.2507	
632.58	4260	-0.2528	
632.99	4263	-0.2555	
633.41	4265	-0.2584	
633.82	4268	-0.2605	
634.24	4270	-0.2629	
634.65	4273	-0.2658	
635.07	4275	-0.2686	
635.48	4278	-0.2708	
635.89	4280	-0.2734	
636.30	4283	-0.2766	
636.71	4285	-0.2793	
637.12	4288	-0.2817	
637.53	4290	-0.2845	
637.95	4293	-0.2878	
638.35	4295	-0.2907	
638.77	4298	-0.2933	
639.19	4300	-0.2963	
639.61	4303	-0.2995	
640.03	4305	-0.3024	
640.45	4308	-0.3052	
640.87	4310	-0.3086	
641.29	4313	-0.3121	
641.72	4315	-0.3149	
642.14	4318	-0.3181	
642.57	4320	-0.3217	
642.99	4323	-0.3252	
643.41	4325	-0.3284	
643.84	4328	-0.3316	
644.26	4330	-0.3354	
644.68	4333	-0.3391	
645.10	4335	-0.3423	
645.52	4338	-0.3459	
645.93	4340	-0.3498	
646.34	4343	-0.3536	
646.75	4345	-0.3570	
647.15	4348	-0.3607	
647.56	4350	-0.3651	
647.97	4353	-0.3692	
648.37	4355	-0.3727	
648.78	4358	-0.3765	
649.19	4360	-0.3811	
649.60	4363	-0.3852	
650.00	4365	-0.3888	
650.41	4368	-0.3932	
650.82	4370	-0.3978	
651.24	4373	-0.4021	
651.65	4375	-0.4061	
652.07	4378	-0.4107	
652.49	4380	-0.4156	
652.91	4383	-0.4199	
653.34	4385	-0.4243	
653.76	4388	-0.4291	
654.19	4390	-0.4341	
654.62	4393	-0.4387	
655.04	4395	-0.4432	
655.47	4398	-0.4484	
655.90	4400	-0.4536	
656.32	4403	-0.4582	
656.74	4405	-0.4632	
657.16	4408	-0.4688	
657.58	4410	-0.4743	
658.01	4413	-0.4792	
658.43	4415	-0.4843	
658.84	4418	-0.4900	
659.27	4420	-0.4956	
659.68	4423	-0.5008	
660.10	4425	-0.5064	
660.52	4428	-0.5123	
660.94	4430	-0.5181	
661.36	4433	-0.5238	
661.77	4435	-0.5296	
662.19	4438	-0.5359	
662.60	4440	-0.5422	
663.02	4443	-0.5478	
663.43	4445	-0.5540	
663.84	4448	-0.5605	
664.26	4450	-0.5670	
664.67	4453	-0.5731	
665.08	4455	-0.5795	
665.49	4458	-0.5865	
665.90	4460	-0.5932	
666.31	4463	-0.5994	
666.72	4465	-0.6065	
667.13	4468	-0.6134	
667.54	4470	-0.6204	
667.95	4473	-0.6274	
668.37	4475	-0.6346	
668.78	4478	-0.6422	
669.20	4480	-0.6491	
669.62	4483	-0.6561	
670.04	4485	-0.6641	
670.46	4488	-0.6720	
670.88	4490	-0.6794	
671.28	4493	-0.6866	
671.71	4495	-0.6947	
672.13	4498	-0.7029	
672.55	4500	-0.7104	
672.97	4503	-0.7186	
673.38	4505	-0.7270	
673.80	4508	-0.7355	
674.21	4510	-0.7435	
674.63	4513	-0.7519	
675.04	4515	-0.7609	
675.46	4518	-0.7695	
675.87	4520	-0.7779	
676.29	4523	-0.7870	
676.71	4525	-0.7963	
677.12	4528	-0.8057	
677.54	4530	-0.8143	
677.96	4533	-0.8237	
678.39	4535	-0.8334	
678.81	4538	-0.8428	
679.23	4540	-0.8522	
679.65	4543	-0.8621	
680.07	4545	-0.8723	
680.49	4548	-0.8822	
680.91	4550	-0.8918	
681.33	4553	-0.9020	
681.74	4555	-0.9128	
682.16	4558	-0.9230	
682.58	4560	-0.9332	
683.00	4563	-0.9442	
683.41	4565	-0.9550	
683.82	4568	-0.9660	
684.22	4570	-0.9764	
684.65	4573	-0.9879	
685.07	4575	-0.9995	
685.50	4578	-1.0105	
685.92	4580	-1.0220	
686.35	4583	-1.0340	
686.77	4585	-1.0458	
687.19	4588	-1.0576	
687.62	4590	-1.0692	
688.04	4593	-1.0819	
688.46	4595	-1.0944	
688.88	4598	-1.1064	
689.31	4600	-1.1186	
689.73	4603	-1.1319	
690.15	4605	-1.1449	
690.57	4608	-1.1574	
691.00	4610	-1.1704	
691.42	4613	-1.1843	
691.84	4615	-1.1976	
692.26	4618	-1.2108	
692.69	4620	-1.2243	
693.10	4623	-1.2386	
693.52	4625	-1.2528	
693.94	4628	-1.2666	
694.36	4630	-1.2809	
694.77	4633	-1.2958	
695.19	4635	-1.3103	
695.60	4638	-1.3250	
696.02	4640	-1.3398	
696.43	4643	-1.3553	
696.85	4645	-1.3704	
697.26	4648	-1.3857	
697.67	4650	-1.4013	
698.08	4653	-1.4175	
698.50	4655	-1.4331	
698.91	4658	-1.4490	
699.32	4660	-1.4654	
699.73	4663	-1.4820	
700.14	4665	-1.4985	
700.56	4668	-1.5149	
700.96	4670	-1.5320	
701.38	4673	-1.5494	
701.79	4675	-1.5663	
702.21	4678	-1.5834	
702.62	4680	-1.6016	
703.04	4683	-1.6194	
703.46	4685	-1.6370	
703.88	4688	-1.6549	
704.29	4690	-1.6737	
704.71	4693	-1.6924	
705.13	4695	-1.7105	
705.55	4698	-1.7296	
705.97	4700	-1.7491	
706.38	4703	-1.7685	
706.80	4705	-1.7876	
707.23	4708	-1.8075	
707.65	4710	-1.8275	
708.07	4713	-1.8478	
708.48	4715	-1.8678	
708.90	4718	-1.8884	
709.32	4720	-1.9091	
709.74	4723	-1.9302	
710.15	4725	-1.9512	
710.57	4728	-1.9724	
710.98	4730	-1.9942	
711.40	4733	-2.0159	
711.82	4735	-2.0376	
712.23	4738	-2.0600	
712.65	4740	-2.0827	
713.07	4743	-2.1051	
713.49	4745	-2.1277	
713.92	4748	-2.1513	
714.34	4750	-2.1749	
714.75	4753	-2.1981	
715.17	4755	-2.2217	
715.59	4758	-2.2459	
716.00	4760	-2.2702	
716.42	4763	-2.2946	
716.84	4765	-2.3189	
717.26	4768	-2.3443	
717.67	4770	-2.3697	
718.09	4773	-2.3948	
718.51	4775	-2.4203	
718.92	4778	-2.4466	
719.34	4780	-2.4727	
719.76	4783	-2.4985	
720.17	4785	-2.5254	
720.59	4788	-2.5526	
721.01	4790	-2.5800	
721.44	4793	-2.6069	
721.86	4795	-2.6348	
722.28	4798	-2.6630	
722.71	4800	-2.6912	
723.13	4803	-2.7192	
723.56	4805	-2.7480	
723.98	4808	-2.7776	
724.40	4810	-2.8064	
724.82	4813	-2.8358	
725.25	4815	-2.8656	
725.67	4818	-2.8961	
726.09	4820	-2.9265	
726.51	4823	-2.9568	
726.93	4825	-2.9878	
727.35	4828	-3.0192	
727.77	4830	-3.0506	
728.19	4833	-3.0823	
728.61	4835	-3.1143	
729.02	4838	-3.1470	
729.44	4840	-3.1794	
729.85	4843	-3.2122	
730.27	4845	-3.2455	
730.68	4848	-3.2791	
731.10	4850	-3.3126	
731.51	4853	-3.3464	
731.93	4855	-3.3813	
732.35	4858	-3.4162	
732.77	4860	-3.4506	
733.19	4863	-3.4856	
733.61	4865	-3.5219	
734.03	4868	-3.5578	
734.45	4870	-3.5937	
734.87	4873	-3.6299	
735.29	4875	-3.6671	
735.71	4878	-3.7043	
736.14	4880	-3.7414	
736.56	4883	-3.7791	
736.98	4885	-3.8175	
737.40	4888	-3.8558	
737.81	4890	-3.8940	
738.22	4893	-3.9331	
738.63	4895	-3.9727	
739.04	4898	-4.0122	
739.45	4900	-4.0519	
739.86	4903	-4.0921	
740.27	4905	-4.1330	
740.68	4908	-4.1740	
741.08	4910	-4.2145	
741.49	4913	-4.2561	
741.90	4915	-4.2984	
742.31	4918	-4.3404	
742.72	4920	-4.3826	
743.13	4923	-4.4254	
743.54	4925	-4.4687	
743.96	4928	-4.5118	
744.37	4930	-4.5556	
744.79	4933	-4.5997	
745.21	4935	-4.6442	
745.63	4938	-4.6885	
746.06	4940	-4.7334	
746.48	4943	-4.7788	
746.91	4945	-4.8245	
747.34	4948	-4.8700	
747.77	4950	-4.9162	
748.21	4953	-4.9633	
748.64	4955	-5.0103	
749.08	4958	-5.0571	
749.51	4960	-5.1047	
749.92	4963	-5.1530	
750.36	4965	-5.2016	
750.79	4968	-5.2495	
751.22	4970	-5.2984	
751.65	4973	-5.3482	
752.08	4975	-5.3978	
752.50	4978	-5.4472	
752.93	4980	-5.4977	
753.35	4983	-5.5482	
753.77	4985	-5.5995	
754.18	4988	-5.6498	
754.60	4990	-5.7014	
755.01	4993	-5.7535	
755.42	4995	-5.8056	
755.83	4998	-5.8575	
756.24	5000	-5.9103	
756.65	5003	-5.9635	
757.05	5005	-6.0165	
757.46	5008	-6.0699	
757.87	5010	-6.1238	
758.28	5013	-6.1780	
758.69	5015	-6.2321	
759.11	5018	-6.2865	
759.52	5020	-6.3416	
759.94	5023	-6.3968	
760.35	5025	-6.4517	
760.77	5028	-6.5071	
761.19	5030	-6.5630	
761.61	5033	-6.6193	
762.04	5035	-6.6749	
762.46	5038	-6.7309	
762.88	5040	-6.7880	
763.30	5043	-6.8447	
763.71	5045	-6.9011	
764.13	5048	-6.9579	
764.54	5050	-7.0152	
764.96	5053	-7.0724	
765.37	5055	-7.1292	
765.78	5058	-7.1864	
766.19	5060	-7.2442	
766.60	5063	-7.3017	
767.01	5065	-7.3585	
767.41	5068	-7.4155	
767.82	5070	-7.4734	
768.23	5073	-7.5308	
768.63	5075	-7.5874	
769.03	5078	-7.6444	
769.44	5080	-7.7017	
769.84	5083	-7.7586	
770.25	5085	-7.8147	
770.66	5088	-7.8710	
771.07	5090	-7.9274	
771.48	5093	-7.9833	
771.89	5095	-8.0383	
772.30	5098	-8.0933	
772.71	5100	-8.1479	
773.12	5103	-8.2022	
773.54	5105	-8.2556	
773.95	5108	-8.3085	
774.37	5110	-8.3608	
774.77	5113	-8.4124	
775.17	5115	-8.4626	
775.60	5118	-8.5123	
776.03	5120	-8.5612	
776.46	5123	-8.6088	
776.90	5125	-8.6547	
777.33	5128	-8.6999	
777.76	5130	-8.7432	
778.19	5133	-8.7846	
778.62	5135	-8.8245	
779.04	5138	-8.8623	
779.46	5140	-8.8982	
779.88	5143	-8.9313	
780.29	5145	-8.9622	
780.71	5148	-8.9912	
781.12	5150	-9.0172	
781.54	5153	-9.0393	
781.95	5155	-9.0581	
782.36	5158	-9.0740	
782.77	5160	-9.0867	
783.18	5163	-9.0964	
783.58	5165	-9.1039	
783.99	5168	-9.1102	
784.39	5170	-9.1152	
784.79	5173	-9.1188	
785.19	5175	-9.1218	
785.60	5178	-9.1248	
786.00	5180	-9.1271	
786.41	5183	-9.1287	
786.81	5185	-9.1305	
787.22	5188	-9.1324	
787.62	5190	-9.1337	
788.03	5193	-9.1349	
788.44	5195	-9.1362	
788.84	5198	-9.1376	
789.25	5200	-9.1384	
789.66	5203	-9.1390	
790.07	5205	-9.1400	
790.48	5208	-9.1413	
790.89	5210	-9.1418	
791.31	5213	-9.1421	
791.72	5215	-9.1429	
792.14	5218	-9.1438	
792.56	5220	-9.1442	
792.98	5223	-9.1443	
793.40	5225	-9.1451	
793.82	5228	-9.1456	
794.25	5230	-9.1458	
794.67	5233	-9.1459	
795.10	5235	-9.1467	
795.53	5238	-9.1472	
795.95	5240	-9.1471	
796.38	5243	-9.1473	
796.80	5245	-9.1476	
797.23	5248	-9.1480	
797.65	5250	-9.1482	
798.08	5253	-9.1480	
798.50	5255	-9.1485	
798.93	5258	-9.1489	
799.35	5260	-9.1490	
799.77	5263	-9.1488	
800.18	5265	-9.1494	
800.60	5268	-9.1497	
801.02	5270	-9.1495	
801.43	5273	-9.1496	
801.85	5275	-9.1498	
802.27	5278	-9.1502	
802.69	5280	-9.1500	
803.11	5283	-9.1500	
803.52	5285	-9.1504	
803.90	5288	-9.1509	
804.33	5290	-9.1504	
804.75	5293	-9.1507	
805.17	5295	-9.1511	
805.58	5298	-9.1512	
806.00	5300	-9.1508	
806.42	5303	-9.1512	
806.84	5305	-9.1514	
807.25	5308	-9.1516	
807.67	5310	-9.1514	
808.09	5313	-9.1515	
808.51	5315	-9.1518	
808.92	5318	-9.1518	
809.34	5320	-9.1516	
809.76	5323	-9.1519	
810.18	5325	-9.1522	
810.59	5328	-9.1521	
811.01	5330	-9.1519	
811.42	5333	-9.1523	
811.84	5335	-9.1526	
812.25	5338	-9.1525	
812.66	5340	-9.1522	
813.08	5343	-9.1527	
813.49	5345	-9.1529	
813.91	5348	-9.1526	
814.32	5350	-9.1527	
814.74	5353	-9.1529	
815.16	5355	-9.1532	
815.57	5358	-9.1530	
815.99	5360	-9.1527	
816.41	5363	-9.1531	
816.83	5365	-9.1536	
817.25	5368	-9.1530	
817.67	5370	-9.1528	
818.09	5373	-9.1533	
818.51	5375	-9.1535	
818.92	5378	-9.1531	
819.34	5380	-9.1530	
819.76	5383	-9.1534	
820.17	5385	-9.1536	
820.59	5388	-9.1532	
821.00	5390	-9.1533	
821.42	5393	-9.1537	
821.83	5395	-9.1536	
822.25	5398	-9.1534	
822.67	5400	-9.1533	
823.09	5403	-9.1539	
823.51	5405	-9.1538	
823.93	5408	-9.1537	
824.36	5410	-9.1536	
824.78	5413	-9.1539	
825.20	5415	-9.1541	
825.63	5418	-9.1537	
826.05	5420	-9.1538	
826.48	5423	-9.1538	
826.90	5425	-9.1540	
827.31	5428	-9.1538	
827.73	5430	-9.1539	
828.15	5433	-9.1543	
828.56	5435	-9.1544	
828.97	5438	-9.1540	
829.39	5440	-9.1540	
829.80	5443	-9.1544	
830.21	5445	-9.1542	
830.62	5448	-9.1541	
831.03	5450	-9.1545	
831.44	5453	-9.1546	
831.85	5455	-9.1545	
832.26	5458	-9.1542	
832.67	5460	-9.1547	
833.08	5463	-9.1546	
833.49	5465	-9.1545	
833.91	5468	-9.1544	
834.32	5470	-9.1547	
834.73	5473	-9.1548	
835.15	5475	-9.1545	
835.57	5478	-9.1543	
835.98	5480	-9.1548	
836.40	5483	-9.1549	
836.82	5485	-9.1547	
837.23	5488	-9.1544	
837.65	5490	-9.1549	
838.07	5493	-9.1551	
838.49	5495	-9.1547	
838.90	5498	-9.1547	
839.31	5500	-9.1550	
839.73	5503	-9.1552	
840.12	5505	-9.1547	
840.51	5508	-9.1548	
840.93	5510	-9.1551	
841.34	5513	-9.1551	
841.76	5515	-9.1548	
842.19	5518	-9.1549	
842.61	5520	-9.1552	
843.03	5523	-9.1553	
843.45	5525	-9.1549	
843.88	5528	-9.1551	
844.30	5530	-9.1554	
844.72	5533	-9.1552	
845.15	5535	-9.1549	
845.57	5538	-9.1552	
845.99	5540	-9.1557	
846.41	5543	-9.1555	
846.83	5545	-9.1552	
847.25	5548	-9.1556	
847.66	5550	-9.1557	
848.07	5553	-9.1553	
848.49	5555	-9.1553	
848.90	5558	-9.1556	
849.31	5560	-9.1560	
849.73	5563	-9.1557	
850.14	5565	-9.1555	
850.55	5568	-9.1557	
850.96	5570	-9.1562	
851.37	5573	-9.1554	
851.79	5575	-9.1553	
852.20	5578	-9.1561	
852.62	5580	-9.1561	
853.03	5583	-9.1560	
853.45	5585	-9.1556	
853.86	5588	-9.1560	
854.28	5590	-9.1563	
854.70	5593	-9.1558	
855.12	5595	-9.1558	
855.53	5598	-9.1561	
855.94	5600	-9.1562	
856.36	5603	-9.1557	
856.77	5605	-9.1557	
857.19	5608	-9.1562	
857.61	5610	-9.1562	
858.03	5613	-9.1557	
858.44	5615	-9.1558	
858.86	5618	-9.1561	
859.28	5620	-9.1565	
859.69	5623	-9.1559	
860.11	5625	-9.1561	
860.52	5628	-9.1565	
860.94	5630	-9.1565	
861.36	5633	-9.1560	
861.77	5635	-9.1566	
862.19	5638	-9.1569	
862.60	5640	-9.1566	
863.01	5643	-9.1565	
863.43	5645	-9.1568	
863.85	5648	-9.1567	
864.27	5650	-9.1565	
864.69	5653	-9.1561	
865.12	5655	-9.1566	
865.54	5658	-9.1567	
865.96	5660	-9.1564	
866.38	5663	-9.1562	
866.79	5665	-9.1568	
867.21	5668	-9.1567	
867.62	5670	-9.1565	
868.04	5673	-9.1562	
868.45	5675	-9.1568	
868.86	5678	-9.1571	
869.27	5680	-9.1566	
869.68	5683	-9.1565	
870.09	5685	-9.1569	
870.50	5688	-9.1570	
870.90	5690	-9.1567	
871.31	5693	-9.1566	
871.71	5695	-9.1571	
872.10	5698	-9.1570	
872.48	5700	-9.1567	
872.90	5703	-9.1566	
873.31	5705	-9.1571	
873.74	5708	-9.1570	
874.16	5710	-9.1568	
874.58	5713	-9.1568	
875.00	5715	-9.1574	
875.42	5718	-9.1570	
875.83	5720	-9.1568	
876.24	5723	-9.1569	
876.66	5725	-9.1574	
877.07	5728	-9.1574	
877.49	5730	-9.1571	
877.90	5733	-9.1577	
878.32	5735	-9.1579	
878.73	5738	-9.1577	
879.15	5740	-9.1574	
879.58	5743	-9.1577	
879.99	5745	-9.1580	
880.41	5748	-9.1578	
880.83	5750	-9.1576	
881.25	5753	-9.1581	
881.67	5755	-9.1585	
882.10	5758	-9.1578	
882.51	5760	-9.1579	
882.93	5763	-9.1581	
883.35	5765	-9.1584	
883.76	5768	-9.1578	
884.18	5770	-9.1580	
884.60	5773	-9.1583	
885.01	5775	-9.1585	
885.42	5778	-9.1581	
885.84	5780	-9.1581	
886.27	5783	-9.1584	
886.69	5785	-9.1585	
887.11	5788	-9.1580	
887.54	5790	-9.1581	
887.96	5793	-9.1585	
888.39	5795	-9.1586	
888.81	5798	-9.1582	
889.23	5800	-9.1583	
889.65	5803	-9.1586	
890.06	5805	-9.1583	
890.48	5808	-9.1580	
890.89	5810	-9.1584	
891.31	5813	-9.1586	
891.73	5815	-9.1584	
892.14	5818	-9.1580	
892.56	5820	-9.1584	
892.98	5823	-9.1586	
893.40	5825	-9.1582	
893.83	5828	-9.1581	
894.23	5830	-9.1586	
894.64	5833	-9.1586	
895.07	5835	-9.1583	
895.49	5838	-9.1581	
895.92	5840	-9.1587	
896.35	5843	-9.1588	
896.77	5845	-9.1584	
897.19	5848	-9.1581	
897.62	5850	-9.1589	
898.03	5853	-9.1588	
898.45	5855	-9.1584	
898.84	5858	-9.1583	
899.17	5860	-9.1588	
899.49	5863	-9.1588	
899.76	5865	-9.1583	
899.98	5868	-9.1584	
900.16	5870	-9.1587	
900.30	5873	-9.1589	
900.42	5875	-9.1587	
900.51	5878	-9.1585	
900.57	5880	-9.1590	
900.63	5883	-9.1592	
900.66	5885	-9.1586	
900.69	5888	-9.1592	
900.71	5890	-9.1592	
900.73	5893	-9.1591	
900.74	5895	-9.1590	
900.74	5898	-9.1594	
900.75	5900	-9.1597	
900.75	5903	-9.1592	
900.75	5905	-9.1590	
900.75	5908	-9.1593	
900.75	5910	-9.1596	
900.75	5913	-9.1593	
900.74	5915	-9.1592	
900.74	5918	-9.1597	
900.74	5920	-9.1597	
900.74	5923	-9.1595	
900.74	5925	-9.1595	
900.74	5928	-9.1598	
900.73	5930	-9.1599	
900.72	5933	-9.1597	
900.72	5935	-9.1595	
900.71	5938	-9.1599	
900.70	5940	-9.1599	
900.69	5943	-9.1598	
900.69	5945	-9.1597	
900.68	5948	-9.1601	
900.68	5950	-9.1601	
900.68	5953	-9.1597	
900.68	5955	-9.1598	
900.68	5958	-9.1602	
900.67	5960	-9.1600	
900.66	5963	-9.1598	
900.65	5965	-9.1599	
900.63	5968	-9.1602	
900.62	5970	-9.1600	
900.60	5973	-9.1597	
900.59	5975	-9.1603	
900.58	5978	-9.1603	
900.57	5980	-9.1599	
900.55	5983	-9.1598	
900.55	5985	-9.1604	
900.54	5988	-9.1605	
900.52	5990	-9.1600	
900.51	5993	-9.1598	
900.50	5995	-9.1603	
900.49	5998	-9.1605	
900.48	6000	-9.1601	
900.47	6003	-9.1602	
900.45	6005	-9.1605	
900.44	6008	-9.1607	
900.42	6010	-9.1604	
900.41	6013	-9.1602	
900.40	6015	-9.1606	
900.38	6018	-9.1608	
900.37	6020	-9.1604	
900.36	6023	-9.1604	
900.35	6025	-9.1608	
900.34	6028	-9.1608	
900.33	6030	-9.1604	
900.33	6033	-9.1605	
900.32	6035	-9.1608	
900.31	6038	-9.1607	
900.30	6040	-9.1605	
900.29	6043	-9.1608	
900.29	6045	-9.1611	
900.27	6048	-9.1608	
900.27	6050	-9.1606	
900.26	6053	-9.1608	
900.25	6055	-9.1611	
900.25	6058	-9.1608	
900.24	6060	-9.1606	
900.23	6063	-9.1610	
900.23	6065	-9.1613	
900.22	6068	-9.1608	
900.20	6070	-9.1606	
900.19	6073	-9.1610	
900.18	6075	-9.1613	
900.17	6078	-9.1610	
900.16	6080	-9.1610	
900.15	6083	-9.1614	
900.14	6085	-9.1613	
900.13	6088	-9.1610	
900.13	6090	-9.1610	
900.12	6093	-9.1614	
900.12	6095	-9.1613	
900.12	6098	-9.1609	
900.13	6100	-9.1611	
900.13	6103	-9.1614	
900.13	6105	-9.1614	
900.14	6108	-9.1612	
900.14	6110	-9.1614	
900.14	6113	-9.1615	
900.14	6115	-9.1614	
900.14	6118	-9.1612	
900.14	6120	-9.1613	
900.14	6123	-9.1618	
900.14	6125	-9.1615	
900.13	6128	-9.1614	
900.13	6130	-9.1615	
900.13	6133	-9.1619	
900.13	6135	-9.1613	
900.13	6138	-9.1615	
900.13	6140	-9.1616	
900.12	6143	-9.1620	
900.12	6145	-9.1614	
900.11	6148	-9.1613	
900.11	6150	-9.1618	
900.10	6153	-9.1618	
900.10	6155	-9.1615	
900.09	6158	-9.1615	
900.09	6160	-9.1620	
900.09	6163	-9.1621	
900.09	6165	-9.1616	
900.09	6168	-9.1617	
900.10	6170	-9.1621	
900.11	6173	-9.1620	
900.12	6175	-9.1617	
900.13	6178	-9.1617	
900.13	6180	-9.1622	
900.14	6183	-9.1623	
900.14	6185	-9.1619	
900.14	6188	-9.1619	
900.14	6190	-9.1623	
900.14	6193	-9.1622	
900.13	6195	-9.1619	
900.13	6198	-9.1622	
900.13	6200	-9.1623	
900.12	6203	-9.1621	
900.12	6205	-9.1620	
900.12	6208	-9.1621	
900.12	6210	-9.1624	
900.12	6213	-9.1623	
900.12	6215	-9.1620	
900.12	6218	-9.1625	
900.12	6220	-9.1626	
900.12	6223	-9.1622	
900.13	6225	-9.1619	
900.14	6228	-9.1624	
900.15	6230	-9.1627	
900.16	6233	-9.1623	
900.17	6235	-9.1621	
900.18	6238	-9.1626	
900.18	6240	-9.1625	
900.19	6243	-9.1622	
900.19	6245	-9.1621	
900.18	6248	-9.1624	
900.18	6250	-9.1628	
900.18	6253	-9.1624	
900.18	6255	-9.1623	
900.19	6258	-9.1627	
900.19	6260	-9.1627	
900.19	6263	-9.1623	
900.18	6265	-9.1625	
900.18	6268	-9.1626	
900.18	6270	-9.1628	
900.18	6273	-9.1626	
900.18	6275	-9.1627	
900.19	6278	-9.1629	
900.19	6280	-9.1627	
900.19	6283	-9.1626	
900.20	6285	-9.1627	
900.20	6288	-9.1631	
900.21	6290	-9.1628	
900.21	6293	-9.1628	
900.21	6295	-9.1629	
900.21	6298	-9.1631	
900.22	6300	-9.1630	
900.22	6303	-9.1628	
900.21	6305	-9.1630	
900.21	6308	-9.1632	
900.21	6310	-9.1628	
900.21	6313	-9.1626	
900.21	6315	-9.1630	
900.21	6318	-9.1631	
900.20	6320	-9.1629	
900.20	6323	-9.1625	
900.21	6325	-9.1632	
900.20	6328	-9.1632	
900.20	6330	-9.1626	
900.20	6333	-9.1627	
900.20	6335	-9.1629	
900.20	6338	-9.1632	
900.20	6340	-9.1628	
900.20	6343	-9.1629	
900.20	6345	-9.1633	
900.21	6348	-9.1633	
900.21	6350	-9.1628	
900.22	6353	-9.1627	
900.22	6355	-9.1633	
900.22	6358	-9.1632	
900.22	6360	-9.1629	
900.22	6363	-9.1628	
900.22	6365	-9.1632	
900.22	6368	-9.1632	
900.21	6370	-9.1630	
900.20	6373	-9.1628	
900.19	6375	-9.1633	
900.18	6378	-9.1631	
900.18	6380	-9.1629	
900.17	6383	-9.1633	
900.17	6385	-9.1636	
900.17	6388	-9.1631	
900.17	6390	-9.1630	
900.17	6393	-9.1633	
900.18	6395	-9.1635	
900.19	6398	-9.1632	
900.20	6400	-9.1632	
900.21	6403	-9.1636	
900.21	6405	-9.1637	
900.22	6408	-9.1632	
900.21	6410	-9.1629	
900.21	6413	-9.1634	
900.21	6415	-9.1638	
900.20	6418	-9.1635	
900.20	6420	-9.1633	
900.19	6423	-9.1636	
900.19	6425	-9.1636	
900.18	6428	-9.1635	
900.18	6430	-9.1633	
900.18	6433	-9.1635	
900.19	6435	-9.1637	
900.19	6438	-9.1632	
900.19	6440	-9.1633	
900.19	6443	-9.1636	
900.19	6445	-9.1638	
900.20	6448	-9.1633	
900.20	6450	-9.1633	
900.20	6453	-9.1638	
900.20	6455	-9.1638	
900.20	6458	-9.1636	
900.20	6460	-9.1635	
900.19	6463	-9.1640	
900.19	6465	-9.1639	
900.19	6468	-9.1634	
900.18	6470	-9.1637	
900.18	6473	-9.1638	
900.17	6475	-9.1637	
900.16	6478	-9.1637	
900.16	6480	-9.1638	
900.16	6483	-9.1641	
900.15	6485	-9.1640	
900.15	6488	-9.1635	
900.15	6490	-9.1642	
900.16	6493	-9.1644	
900.17	6495	-9.1641	
900.18	6498	-9.1640	
900.19	6500	-9.1646	
900.19	6503	-9.1645	
900.20	6505	-9.1640	
900.21	6508	-9.1639	
900.21	6510	-9.1645	
900.21	6513	-9.1645	
900.22	6515	-9.1642	
900.23	6518	-9.1640	
900.24	6520	-9.1644	
900.24	6523	-9.1646	
900.25	6525	-9.1641	
900.25	6528	-9.1642	
900.25	6530	-9.1645	
900.26	6533	-9.1646	
900.27	6535	-9.1643	
900.27	6538	-9.1643	
900.27	6540	-9.1648	
900.28	6543	-9.1647	
900.28	6545	-9.1643	
900.29	6548	-9.1642	
900.29	6550	-9.1647	
900.29	6553	-9.1648	
900.29	6555	-9.1645	
900.29	6558	-9.1645	
900.29	6560	-9.1648	
900.29	6563	-9.1646	
900.29	6565	-9.1641	
900.29	6568	-9.1644	
900.29	6570	-9.1649	
900.29	6573	-9.1646	
900.29	6575	-9.1644	
900.29	6578	-9.1647	
900.29	6580	-9.1648	
900.29	6583	-9.1645	
900.30	6585	-9.1642	
900.30	6588	-9.1648	
900.30	6590	-9.1649	
900.30	6593	-9.1645	
900.30	6595	-9.1644	
900.29	6598	-9.1647	
900.29	6600	-9.1651	
900.28	6603	-9.1646	
900.27	6605	-9.1644	
900.27	6608	-9.1648	
900.26	6610	-9.1649	
900.26	6613	-9.1646	
900.27	6615	-9.1645	
900.27	6618	-9.1648	
900.27	6620	-9.1649	
900.27	6623	-9.1646	
900.27	6625	-9.1644	
900.27	6628	-9.1650	
900.27	6630	-9.1651	
900.27	6633	-9.1648	
900.27	6635	-9.1646	
900.27	6638	-9.1649	
900.27	6640	-9.1651	
900.26	6643	-9.1646	
900.26	6645	-9.1649	
900.26	6648	-9.1654	
900.25	6650	-9.1649	
900.24	6653	-9.1648	
900.24	6655	-9.1649	
900.23	6658	-9.1654	
900.22	6660	-9.1649	
900.21	6663	-9.1646	
900.21	6665	-9.1652	
900.20	6668	-9.1653	
900.20	6670	-9.1651	
900.19	6673	-9.1648	
900.19	6675	-9.1654	
900.19	6678	-9.1652	
900.19	6680	-9.1650	
900.19	6683	-9.1651	
900.18	6685	-9.1653	
900.17	6688	-9.1654	
900.17	6690	-9.1650	
900.16	6693	-9.1651	
900.16	6695	-9.1655	
900.16	6698	-9.1655	
900.16	6700	-9.1652	
900.16	6703	-9.1652	
900.17	6705	-9.1655	
900.17	6708	-9.1656	
900.17	6710	-9.1652	
900.17	6713	-9.1652	
900.18	6715	-9.1656	
900.17	6718	-9.1655	
900.17	6720	-9.1651	
900.17	6723	-9.1652	
900.16	6725	-9.1657	
900.15	6728	-9.1656	
900.14	6730	-9.1652	
900.13	6733	-9.1653	
900.12	6735	-9.1656	
900.12	6738	-9.1655	
900.11	6740	-9.1652	
900.12	6743	-9.1656	
900.12	6745	-9.1657	
900.13	6748	-9.1656	
900.13	6750	-9.1652	
900.14	6753	-9.1657	
900.15	6755	-9.1659	
900.15	6758	-9.1655	
900.15	6760	-9.1656	
900.15	6763	-9.1658	
900.15	6765	-9.1658	
900.15	6768	-9.1656	
900.14	6770	-9.1654	
900.14	6773	-9.1660	
900.13	6775	-9.1659	
900.13	6778	-9.1656	
900.13	6780	-9.1653	
900.12	6783	-9.1658	
900.11	6785	-9.1662	
900.10	6788	-9.1657	
900.09	6790	-9.1655	
900.08	6793	-9.1658	
900.07	6795	-9.1661	
900.06	6798	-9.1657	
900.05	6800	-9.1656	
900.04	6803	-9.1657	
900.04	6805	-9.1660	
900.03	6808	-9.1656	
900.02	6810	-9.1656	
900.01	6813	-9.1658	
900.01	6815	-9.1661	
900.00	6818	-9.1656	
900.00	6820	-9.1656	
900.00	6823	-9.1661	
900.00	6825	-9.1659	
900.00	6828	-9.1656	
900.01	6830	-9.1659	
900.02	6833	-9.1661	
900.02	6835	-9.1660	
900.02	6838	-9.1657	
900.03	6840	-9.1661	
900.03	6843	-9.1661	
900.03	6845	-9.1658	
900.02	6848	-9.1657	
900.02	6850	-9.1661	
900.01	6853	-9.1664	
900.01	6855	-9.1660	
900.01	6858	-9.1657	
900.01	6860	-9.1661	
900.01	6863	-9.1662	
900.01	6865	-9.1658	
900.01	6868	-9.1659	
900.01	6870	-9.1662	
900.01	6873	-9.1662	
900.01	6875	-9.1660	
900.01	6878	-9.1658	
900.01	6880	-9.1664	
900.01	6883	-9.1665	
900.01	6885	-9.1662	
900.01	6888	-9.1659	
900.01	6890	-9.1663	
900.01	6893	-9.1665	
900.02	6895	-9.1662	
900.02	6898	-9.1660	
900.02	6900	-9.1664	
900.01	6903	-9.1665	
900.01	6905	-9.1659	
900.01	6908	-9.1661	
900.01	6910	-9.1667	
900.01	6913	-9.1663	
900.01	6915	-9.1662	
900.01	6918	-9.1663	
900.00	6920	-9.1667	
899.99	6923	-9.1663	
899.99	6925	-9.1662	
899.98	6928	-9.1664	
899.98	6930	-9.1666	
899.98	6933	-9.1663	
899.98	6935	-9.1661	
899.98	6938	-9.1666	
899.98	6940	-9.1667	
899.98	6943	-9.1665	
899.99	6945	-9.1663	
899.98	6948	-9.1665	
899.98	6950	-9.1667	
899.98	6953	-9.1665	
899.98	6955	-9.1663	
899.97	6958	-9.1668	
899.96	6960	-9.1671	
899.96	6963	-9.1664	
899.95	6965	-9.1663	
899.94	6968	-9.1669	
899.93	6970	-9.1668	
899.93	6973	-9.1666	
899.93	6975	-9.1663	
899.92	6978	-9.1667	
899.92	6980	-9.1670	
899.92	6983	-9.1665	
899.92	6985	-9.1667	
899.93	6988	-9.1669	
899.93	6990	-9.1668	
899.93	6993	-9.1665	
899.93	6995	-9.1667	
899.93	6998	-9.1670	
899.93	7000	-9.1669	
899.93	7003	-9.1667	
899.93	7005	-9.1666	
899.92	7008	-9.1669	
899.92	7010	-9.1668	
899.92	7013	-9.1668	
899.92	7015	-9.1666	
899.92	7018	-9.1669	
899.92	7020	-9.1669	
899.92	7023	-9.1666	
899.91	7025	-9.1665	
899.91	7028	-9.1671	
899.91	7030	-9.1670	
899.90	7033	-9.1666	
899.91	7035	-9.1668	
899.90	7038	-9.1671	
899.90	7040	-9.1669	
899.91	7043	-9.1667	
899.91	7045	-9.1670	
899.92	7048	-9.1671	
899.92	7050	-9.1667	
899.92	7053	-9.1668	
899.92	7055	-9.1669	
899.93	7058	-9.1674	
899.93	7060	-9.1669	
899.93	7063	-9.1668	
899.94	7065	-9.1670	
899.95	7068	-9.1672	
899.95	7070	-9.1670	
899.96	7073	-9.1666	
899.97	7075	-9.1671	
899.98	7078	-9.1671	
899.99	7080	-9.1670	
900.00	7083	-9.1668	
900.01	7085	-9.1672	
900.01	7088	-9.1672	
900.02	7090	-9.1670	
900.02	7093	-9.1669	
900.02	7095	-9.1674	
900.03	7098	-9.1673	
900.03	7100	-9.1670	
900.03	7103	-9.1671	
900.04	7105	-9.1675	
900.04	7108	-9.1674	
900.04	7110	-9.1670	
900.05	7113	-9.1671	
900.05	7115	-9.1671	
900.05	7118	-9.1672	
900.05	7120	-9.1669	
900.05	7123	-9.1671	
900.05	7125	-9.1675	
900.04	7128	-9.1671	
900.04	7130	-9.1671	
900.05	7133	-9.1673	
900.05	7135	-9.1675	
900.06	7138	-9.1672	
900.06	7140	-9.1671	
900.07	7143	-9.1675	
900.07	7145	-9.1677	
900.07	7148	-9.1673	
900.07	7150	-9.1673	
900.08	7153	-9.1675	
900.08	7155	-9.1677	
900.09	7158	-9.1673	
900.09	7160	-9.1670	
900.08	7163	-9.1675	
900.08	7165	-9.1677	
900.08	7168	-9.1673	
900.07	7170	-9.1672	
900.07	7173	-9.1675	
900.06	7175	-9.1679	
900.06	7178	-9.1672	
900.06	7180	-9.1673	
900.06	7183	-9.1676	
900.06	7185	-9.1677	
900.06	7188	-9.1673	
900.07	7190	-9.1672	
900.07	7193	-9.1676	
900.07	7195	-9.1677	
900.07	7198	-9.1673	
900.08	7200	-9.1674	
900.08	7203	-9.1678	
900.07	7205	-9.1678	
900.07	7208	-9.1675	
900.07	7210	-9.1674	
900.06	7213	-9.1678	
900.06	7215	-9.1678	
900.05	7218	-9.1673	
900.06	7220	-9.1676	
900.06	7223	-9.1679	
900.07	7225	-9.1677	
900.07	7228	-9.1673	
900.07	7230	-9.1677	
900.08	7233	-9.1681	
900.08	7235	-9.1675	
900.09	7238	-9.1675	
900.09	7240	-9.1678	
900.10	7243	-9.1679	
900.10	7245	-9.1675	
900.11	7248	-9.1674	
900.11	7250	-9.1679	
900.12	7253	-9.1681	
900.12	7255	-9.1678	
900.12	7258	-9.1676	
900.12	7260	-9.1680	
900.12	7263	-9.1681	
900.12	7265	-9.1676	
900.12	7268	-9.1673	
900.12	7270	-9.1678	
900.11	7273	-9.1681	
900.11	7275	-9.1676	
900.10	7278	-9.1675	
900.10	7280	-9.1681	
900.10	7283	-9.1681	
900.10	7285	-9.1676	
900.10	7288	-9.1677	
900.11	7290	-9.1680	
900.11	7293	-9.1681	
900.11	7295	-9.1679	
900.12	7298	-9.1676	
900.12	7300	-9.1680	
900.12	7303	-9.1681	
900.13	7305	-9.1677	
900.13	7308	-9.1678	
900.14	7310	-9.1679	
900.14	7313	-9.1683	
900.14	7315	-9.1677	
900.15	7318	-9.1678	
900.15	7320	-9.1681	
900.15	7323	-9.1682	
900.16	7325	-9.1677	
900.16	7328	-9.1681	
900.16	7330	-9.1682	
900.16	7333	-9.1681	
900.16	7335	-9.1678	
900.16	7338	-9.1681	
900.15	7340	-9.1683	
900.15	7343	-9.1680	
900.15	7345	-9.1679	
900.16	7348	-9.1682	
900.16	7350	-9.1684	
900.16	7353	-9.1681	
900.17	7355	-9.1677	
900.17	7358	-9.1682	
900.18	7360	-9.1684	
900.19	7363	-9.1680	
900.19	7365	-9.1678	
900.20	7368	-9.1682	
900.21	7370	-9.1684	
900.21	7373	-9.1682	
900.20	7375	-9.1679	
900.20	7378	-9.1683	
900.19	7380	-9.1686	
900.19	7383	-9.1682	
900.19	7385	-9.1680	
900.18	7388	-9.1685	
900.19	7390	-9.1685	
900.19	7393	-9.1681	
900.19	7395	-9.1681	
900.19	7398	-9.1685	
900.19	7400	-9.1684	
900.19	7403	-9.1681	
900.20	7405	-9.1680	
900.20	7408	-9.1685	
900.20	7410	-9.1685	
900.20	7413	-9.1684	
900.21	7415	-9.1681	
900.21	7418	-9.1684	
900.21	7420	-9.1684	
900.22	7423	-9.1684	
900.22	7425	-9.1684	
900.23	7428	-9.1688	
900.22	7430	-9.1687	
900.23	7433	-9.1682	
900.23	7435	-9.1685	
900.23	7438	-9.1686	
900.23	7440	-9.1685	
900.24	7443	-9.1683	
900.24	7445	-9.1687	
900.24	7448	-9.1689	
900.25	7450	-9.1686	
900.25	7453	-9.1684	
900.25	7455	-9.1688	
900.25	7458	-9.1688	
900.24	7460	-9.1685	
900.24	7463	-9.1682	
900.24	7465	-9.1687	
900.23	7468	-9.1691	
900.23	7470	-9.1684	
900.22	7473	-9.1684	
900.22	7475	-9.1690	
900.21	7478	-9.1690	
900.21	7480	-9.1685	
900.20	7483	-9.1685	
900.20	7485	-9.1689	
900.20	7488	-9.1690	
900.20	7490	-9.1686	
900.20	7493	-9.1684	
900.20	7495	-9.1690	
900.20	7498	-9.1690	
900.21	7500	-9.1686	
900.21	7503	-9.1688	
900.21	7505	-9.1688	
900.21	7508	-9.1688	
900.21	7510	-9.1687	
900.20	7513	-9.1688	
900.20	7515	-9.1691	
900.20	7518	-9.1690	
900.20	7520	-9.1686	
900.20	7523	-9.1689	
900.20	7525	-9.1691	
900.20	7528	-9.1689	
900.20	7530	-9.1688	
900.21	7533	-9.1689	
900.22	7535	-9.1692	
900.22	7538	-9.1688	
900.22	7540	-9.1686	
900.22	7543	-9.1689	
900.22	7545	-9.1691	
900.21	7548	-9.1689	
900.21	7550	-9.1686	
900.20	7553	-9.1690	
900.18	7555	-9.1692	
900.17	7558	-9.1689	
900.16	7560	-9.1687	
900.14	7563	-9.1691	
900.13	7565	-9.1693	
900.13	7568	-9.1691	
900.12	7570	-9.1688	
900.11	7573	-9.1693	
900.11	7575	-9.1693	
900.11	7578	-9.1688	
900.10	7580	-9.1688	
900.10	7583	-9.1693	
900.10	7585	-9.1694	
900.10	7588	-9.1690	
900.10	7590	-9.1691	
900.10	7593	-9.1693	
900.11	7595	-9.1693	
900.11	7598	-9.1689	
900.11	7600	-9.1689	
900.11	7603	-9.1693	
900.11	7605	-9.1693	
900.12	7608	-9.1688	
900.12	7610	-9.1691	
900.13	7613	-9.1694	
900.13	7615	-9.1693	
900.14	7618	-9.1690	
900.14	7620	-9.1693	
900.15	7623	-9.1696	
900.14	7625	-9.1692	
900.14	7628	-9.1689	
900.13	7630	-9.1694	
900.12	7633	-9.1695	
900.11	7635	-9.1693	
900.10	7638	-9.1691	
900.09	7640	-9.1695	
900.07	7643	-9.1700	
900.06	7645	-9.1693	
900.04	7648	-9.1692	
900.03	7650	-9.1697	
900.02	7653	-9.1697	
900.02	7655	-9.1693	
900.01	7658	-9.1693	
900.00	7660	-9.1697	
899.99	7663	-9.1697	
899.98	7665	-9.1692	
899.98	7668	-9.1693	
899.97	7670	-9.1695	
899.97	7673	-9.1696	
899.97	7675	-9.1692	
899.96	7678	-9.1694	
899.96	7680	-9.1698	
899.96	7683	-9.1698	
899.96	7685	-9.1695	
899.96	7688	-9.1695	
899.96	7690	-9.1698	
899.97	7693	-9.1699	
899.97	7695	-9.1694	
899.97	7698	-9.1698	
899.97	7700	-9.1700	
899.97	7703	-9.1697	
899.97	7705	-9.1696	
899.97	7708	-9.1697	
899.97	7710	-9.1700	
899.97	7713	-9.1698	
899.97	7715	-9.1695	
899.96	7718	-9.1700	
899.95	7720	-9.1702	
899.95	7723	-9.1696	
899.95	7725	-9.1696	
899.94	7728	-9.1702	
899.94	7730	-9.1702	
899.94	7733	-9.1699	
899.94	7735	-9.1696	
899.94	7738	-9.1700	
899.95	7740	-9.1700	
899.95	7743	-9.1698	
899.95	7745	-9.1698	
899.95	7748	-9.1701	
899.95	7750	-9.1700	
899.96	7753	-9.1700	
899.96	7755	-9.1699	
899.96	7758	-9.1704	
899.97	7760	-9.1701	
899.97	7763	-9.1699	
899.97	7765	-9.1700	
899.97	7768	-9.1702	
899.97	7770	-9.1703	
899.97	7773	-9.1698	
899.97	7775	-9.1702	
899.97	7778	-9.1702	
899.97	7780	-9.1701	
899.97	7783	-9.1699	
899.97	7785	-9.1701	
899.96	7788	-9.1705	
899.96	7790	-9.1701	
899.96	7793	-9.1698	
899.96	7795	-9.1704	
899.96	7798	-9.1706	
899.96	7800	-9.1702	
899.96	7803	-9.1699	
899.96	7805	-9.1704	
899.96	7808	-9.1705	
899.96	7810	-9.1701	
899.96	7813	-9.1701	
899.95	7815	-9.1702	
899.95	7818	-9.1705	
899.95	7820	-9.1701	
899.95	7823	-9.1700	
899.94	7825	-9.1706	
899.93	7828	-9.1709	
899.92	7830	-9.1705	
899.92	7833	-9.1705	
899.92	7835	-9.1706	
899.92	7838	-9.1704	
899.91	7840	-9.1701	
899.90	7843	-9.1705	
899.90	7845	-9.1707	
899.90	7848	-9.1705	
899.89	7850	-9.1699	
899.89	7853	-9.1706	
899.88	7855	-9.1707	
899.87	7858	-9.1705	
899.87	7860	-9.1701	
899.86	7863	-9.1710	
899.85	7865	-9.1710	
899.84	7868	-9.1704	
899.84	7870	-9.1701	
899.84	7873	-9.1707	
899.84	7875	-9.1710	
899.84	7878	-9.1703	
899.84	7880	-9.1701	
899.84	7883	-9.1708	
899.85	7885	-9.1707	
899.85	7888	-9.1704	
899.86	7890	-9.1704	
899.87	7893	-9.1706	
899.88	7895	-9.1711	
899.88	7898	-9.1705	
899.89	7900	-9.1705	
899.89	7903	-9.1707	
899.90	7905	-9.1708	
899.90	7908	-9.1705	
899.90	7910	-9.1706	
899.90	7913	-9.1711	
899.89	7915	-9.1708	
899.88	7918	-9.1706	
899.87	7920	-9.1707	
899.86	7923	-9.1712	
899.85	7925	-9.1708	
899.84	7928	-9.1704	
899.83	7930	-9.1707	
899.82	7933	-9.1711	
899.81	7935	-9.1709	
899.80	7938	-9.1707	
899.79	7940	-9.1709	
899.78	7943	-9.1715	
899.77	7945	-9.1708	
899.76	7948	-9.1706	
899.76	7950	-9.1710	
899.76	7953	-9.1713	
899.76	7955	-9.1708	
899.76	7958	-9.1704	
899.76	7960	-9.1711	
899.77	7963	-9.1713	
899.77	7965	-9.1709	
899.78	7968	-9.1708	
899.79	7970	-9.1714	
899.79	7973	-9.1714	
899.80	7975	-9.1708	
899.80	7978	-9.1707	
899.81	7980	-9.1712	
899.81	7983	-9.1711	
899.82	7985	-9.1710	
899.82	7988	-9.1709	
899.83	7990	-9.1714	
899.84	7993	-9.1711	
899.85	7995	-9.1706	
899.85	7998	-9.1713	
899.86	8000	-9.1714	
899.86	8003	-9.1714	
899.86	8005	-9.1710	
899.87	8008	-9.1713	
899.87	8010	-9.1715	
899.87	8013	-9.1712	
899.87	8015	-9.1711	
899.87	8018	-9.1715	
899.88	8020	-9.1717	
899.88	8023	-9.1710	
899.88	8025	-9.1711	
899.89	8028	-9.1717	
899.89	8030	-9.1716	
899.90	8033	-9.1710	
899.90	8035	-9.1710	
899.91	8038	-9.1715	
899.91	8040	-9.1715	
899.92	8043	-9.1712	
899.93	8045	-9.1712	
899.93	8048	-9.1716	
899.94	8050	-9.1717	
899.95	8053	-9.1714	
899.95	8055	-9.1712	
899.95	8058	-9.1716	
899.96	8060	-9.1714	
899.97	8063	-9.1714	
899.97	8065	-9.1714	
899.97	8068	-9.1717	
899.97	8070	-9.1714	
899.97	8073	-9.1712	
899.97	8075	-9.1716	
899.96	8078	-9.1716	
899.95	8080	-9.1715	
899.95	8083	-9.1713	
899.95	8085	-9.1719	
899.94	8088	-9.1719	
899.94	8090	-9.1715	
899.94	8093	-9.1712	
899.94	8095	-9.1715	
899.94	8098	-9.1717	
899.94	8100	-9.1714	
899.94	8103	-9.1713	
899.94	8105	-9.1717	
899.94	8108	-9.1721	
899.93	8110	-9.1717	
899.93	8113	-9.1715	
899.94	8115	-9.1718	
899.94	8118	-9.1718	
899.94	8120	-9.1713	
899.94	8123	-9.1716	
899.95	8125	-9.1717	
899.94	8128	-9.1719	
899.94	8130	-9.1716	
899.94	8133	-9.1719	
899.94	8135	-9.1721	
899.94	8138	-9.1717	
899.94	8140	-9.1716	
899.94	8143	-9.1717	
899.95	8145	-9.1719	
899.96	8148	-9.1719	
899.97	8150	-9.1716	
899.99	8153	-9.1719	
900.00	8155	-9.1721	
900.01	8158	-9.1719	
900.01	8160	-9.1716	
900.02	8163	-9.1720	
900.03	8165	-9.1720	
900.03	8168	-9.1719	
900.03	8170	-9.1716	
900.04	8173	-9.1720	
900.05	8175	-9.1722	
900.06	8178	-9.1717	
900.06	8180	-9.1717	
900.07	8183	-9.1722	
900.07	8185	-9.1722	
900.08	8188	-9.1719	
900.08	8190	-9.1717	
900.08	8193	-9.1722	
900.08	8195	-9.1722	
900.08	8198	-9.1720	
900.08	8200	-9.1719	
900.08	8203	-9.1722	
900.09	8205	-9.1721	
900.10	8208	-9.1718	
900.11	8210	-9.1721	
900.11	8213	-9.1722	
900.12	8215	-9.1722	
900.13	8218	-9.1718	
900.14	8220	-9.1722	
900.15	8223	-9.1723	
900.15	8225	-9.1719	
900.16	8228	-9.1719	
900.17	8230	-9.1723	
900.17	8233	-9.1725	
900.18	8235	-9.1721	
900.19	8238	-9.1719	
900.20	8240	-9.1721	
900.21	8243	-9.1725	
900.22	8245	-9.1722	
900.23	8248	-9.1719	
900.24	8250	-9.1722	
900.24	8253	-9.1725	
900.25	8255	-9.1721	
900.25	8258	-9.1721	
900.25	8260	-9.1722	
900.25	8263	-9.1723	
900.24	8265	-9.1719	
900.23	8268	-9.1720	
900.22	8270	-9.1722	
900.21	8273	-9.1725	
900.20	8275	-9.1721	
900.19	8278	-9.1721	
900.19	8280	-9.1725	
900.18	8283	-9.1724	
900.17	8285	-9.1722	
900.17	8288	-9.1723	
900.16	8290	-9.1725	
900.15	8293	-9.1723	
900.15	8295	-9.1722	
900.14	8298	-9.1722	
900.13	8300	-9.1726	
900.13	8303	-9.1723	
900.12	8305	-9.1722	
900.11	8308	-9.1723	
900.10	8310	-9.1727	
900.09	8313	-9.1722	
900.08	8315	-9.1722	
900.07	8318	-9.1726	
900.06	8320	-9.1724	
900.05	8323	-9.1724	
900.04	8325	-9.1721	
900.03	8328	-9.1725	
900.03	8330	-9.1727	
900.02	8333	-9.1723	
900.02	8335	-9.1722	
900.01	8338	-9.1725	
900.01	8340	-9.1728	
900.01	8343	-9.1723	
900.00	8345	-9.1722	
900.00	8348	-9.1726	
900.01	8350	-9.1729	
900.01	8353	-9.1726	
900.01	8355	-9.1722	
900.01	8358	-9.1729	
900.02	8360	-9.1730	
900.02	8363	-9.1726	
900.03	8365	-9.1724	
900.03	8368	-9.1730	
900.04	8370	-9.1730	
900.04	8373	-9.1725	
900.04	8375	-9.1726	
900.04	8378	-9.1727	
900.04	8380	-9.1729	
900.04	8383	-9.1726	
900.03	8385	-9.1727	
900.03	8388	-9.1730	
900.03	8390	-9.1728	
900.02	8393	-9.1726	
900.02	8395	-9.1726	
900.03	8398	-9.1730	
900.03	8400	-9.1727	
900.03	8403	-9.1726	
900.04	8405	-9.1728	
900.04	8408	-9.1731	
900.05	8410	-9.1727	
900.06	8413	-9.1728	
900.07	8415	-9.1731	
900.07	8418	-9.1732	
900.07	8420	-9.1728	
900.07	8423	-9.1727	
900.08	8425	-9.1729	
900.08	8428	-9.1732	
900.09	8430	-9.1728	
900.09	8433	-9.1726	
900.10	8435	-9.1731	
900.11	8438	-9.1731	
900.13	8440	-9.1727	
900.14	8443	-9.1725	
900.15	8445	-9.1731	
900.16	8448	-9.1733	
900.17	8450	-9.1727	
900.18	8453	-9.1727	
900.19	8455	-9.1731	
900.20	8458	-9.1730	
900.21	8460	-9.1728	
900.21	8463	-9.1728	
900.22	8465	-9.1732	
900.23	8468	-9.1729	
900.23	8470	-9.1729	
900.23	8473	-9.1729	
900.23	8475	-9.1730	
900.24	8478	-9.1729	
900.24	8480	-9.1728	
900.25	8483	-9.1730	
900.25	8485	-9.1733	
900.25	8488	-9.1731	
900.25	8490	-9.1731	
900.25	8493	-9.1732	
900.25	8495	-9.1734	
900.25	8498	-9.1731	
900.25	8500	-9.1728	
900.25	8503	-9.1730	
900.26	8505	-9.1734	
900.26	8508	-9.1731	
900.26	8510	-9.1728	
900.27	8513	-9.1731	
900.27	8515	-9.1733	
900.28	8518	-9.1731	
900.28	8520	-9.1727	
900.28	8523	-9.1732	
900.29	8525	-9.1735	
900.30	8528	-9.1732	
900.30	8530	-9.1728	
900.31	8533	-9.1733	
900.32	8535	-9.1732	
900.33	8538	-9.1729	
900.35	8540	-9.1729	
900.36	8543	-9.1734	
900.37	8545	-9.1735	
900.37	8548	-9.1731	
900.37	8550	-9.1730	
900.37	8553	-9.1737	
900.36	8555	-9.1735	
900.35	8558	-9.1730	
900.34	8560	-9.1732	
900.33	8563	-9.1734	
900.32	8565	-9.1734	
900.30	8568	-9.1731	
900.29	8570	-9.1733	
900.28	8573	-9.1734	
900.27	8575	-9.1734	
900.26	8578	-9.1730	
900.24	8580	-9.1733	
900.23	8583	-9.1736	
900.22	8585	-9.1734	
900.21	8588	-9.1732	
900.21	8590	-9.1734	
900.20	8593	-9.1735	
900.19	8595	-9.1734	
900.18	8598	-9.1734	
900.17	8600	-9.1737	
900.16	8603	-9.1737	
900.15	8605	-9.1735	
900.14	8608	-9.1732	
900.13	8610	-9.1734	
900.12	8613	-9.1738	
900.10	8615	-9.1734	
900.09	8618	-9.1733	
900.07	8620	-9.1736	
900.05	8623	-9.1738	
900.03	8625	-9.1735	
900.02	8628	-9.1733	
900.00	8630	-9.1737	
899.99	8633	-9.1739	
899.98	8635	-9.1734	
899.97	8638	-9.1734	
899.96	8640	-9.1738	
899.95	8643	-9.1739	
899.94	8645	-9.1736	
899.93	8648	-9.1732	
899.93	8650	-9.1736	
899.92	8653	-9.1736	
899.91	8655	-9.1734	
899.90	8658	-9.1735	
899.90	8660	-9.1738	
899.89	8663	-9.1740	
899.90	8665	-9.1734	
899.90	8668	-9.1737	
899.91	8670	-9.1739	
899.92	8673	-9.1737	
899.93	8675	-9.1735	
899.94	8678	-9.1737	
899.96	8680	-9.1740	
899.96	8683	-9.1737	
899.97	8685	-9.1735	
899.98	8688	-9.1736	
899.99	8690	-9.1740	
900.00	8693	-9.1736	
900.00	8695	-9.1734	
900.01	8698	-9.1738	
900.02	8700	-9.1740	
900.02	8703	-9.1735	
900.03	8705	-9.1734	
900.02	8708	-9.1739	
900.02	8710	-9.1742	
900.02	8713	-9.1738	
900.02	8715	-9.1735	
900.01	8718	-9.1738	
900.01	8720	-9.1742	
900.01	8723	-9.1738	
900.01	8725	-9.1738	
900.01	8728	-9.1741	
900.00	8730	-9.1740	
900.00	8733	-9.1736	
900.00	8735	-9.1736	
900.00	8738	-9.1742	
900.00	8740	-9.1743	
900.00	8743	-9.1739	
900.00	8745	-9.1738	
900.00	8748	-9.1742	
900.01	8750	-9.1739	
900.01	8753	-9.1739	
900.01	8755	-9.1738	
900.01	8758	-9.1741	
900.01	8760	-9.1741	
900.01	8763	-9.1739	
900.02	8765	-9.1739	
900.02	8768	-9.1744	
900.03	8770	-9.1741	
900.04	8773	-9.1738	
900.05	8775	-9.1740	
900.05	8778	-9.1742	
900.06	8780	-9.1744	
900.07	8783	-9.1739	
900.08	8785	-9.1742	
900.10	8788	-9.1744	
900.10	8790	-9.1741	
900.11	8793	-9.1739	
900.12	8795	-9.1744	
900.12	8798	-9.1743	
900.13	8800	-9.1740	
900.13	8803	-9.1738	
900.14	8805	-9.1741	
900.13	8808	-9.1744	
900.13	8810	-9.1739	
900.13	8813	-9.1738	
900.12	8815	-9.1743	
900.12	8818	-9.1744	
900.11	8820	-9.1742	
900.10	8823	-9.1739	
900.10	8825	-9.1743	
900.09	8828	-9.1745	
900.09	8830	-9.1741	
900.08	8833	-9.1739	
900.08	8835	-9.1745	
900.07	8838	-9.1745	
900.07	8840	-9.1741	
900.07	8843	-9.1741	
900.06	8845	-9.1746	
900.06	8848	-9.1746	
900.06	8850	-9.1740	
900.06	8853	-9.1743	
900.06	8855	-9.1744	
900.07	8858	-9.1744	
900.07	8860	-9.1741	
900.07	8863	-9.1742	
900.07	8865	-9.1746	
900.07	8868	-9.1746	
900.07	8870	-9.1742	
900.07	8873	-9.1744	
900.08	8875	-9.1746	
900.08	8878	-9.1745	
900.08	8880	-9.1743	
900.08	8883	-9.1743	
900.09	8885	-9.1748	
900.10	8888	-9.1746	
900.10	8890	-9.1743	
900.11	8893	-9.1745	
900.12	8895	-9.1748	
900.12	8898	-9.1743	
900.12	8900	-9.1744	
900.12	8903	-9.1747	
900.12	8905	-9.1748	
900.11	8908	-9.1746	
900.10	8910	-9.1743	
900.09	8913	-9.1747	
900.09	8915	-9.1750	
900.07	8918	-9.1744	
900.06	8920	-9.1743	
900.06	8923	-9.1747	
900.05	8925	-9.1750	
900.05	8928	-9.1744	
900.04	8930	-9.1742	
900.05	8933	-9.1749	
900.05	8935	-9.1746	
900.05	8938	-9.1747	
900.05	8940	-9.1745	
900.05	8943	-9.1747	
900.05	8945	-9.1748	
900.05	8948	-9.1745	
900.05	8950	-9.1744	
900.06	8953	-9.1749	
900.06	8955	-9.1747	
900.06	8958	-9.1745	
900.06	8960	-9.1746	
900.07	8963	-9.1748	
900.07	8965	-9.1746	
900.07	8968	-9.1746	
900.07	8970	-9.1747	
900.07	8973	-9.1748	
900.06	8975	-9.1748	
900.06	8978	-9.1744	
900.05	8980	-9.1749	
900.05	8983	-9.1750	
900.04	8985	-9.1747	
900.04	8988	-9.1746	
900.03	8990	-9.1750	
900.02	8993	-9.1753	
900.00	8995	-9.1749	
899.99	8998	-9.1745	
899.98	9000	-9.1748	
899.97	9003	-9.1751	
899.96	9005	-9.1748	
899.96	9008	-9.1745	
899.95	9010	-9.1750	
899.95	9013	-9.1751	
899.95	9015	-9.1748	
899.95	9018	-9.1746	
899.95	9020	-9.1750	
899.95	9023	-9.1753	
899.95	9025	-9.1747	
899.95	9028	-9.1747	
899.95	9030	-9.1750	
899.94	9033	-9.1751	
899.94	9035	-9.1749	
899.94	9038	-9.1750	
899.94	9040	-9.1751	
899.94	9043	-9.1751	
899.95	9045	-9.1747	
899.96	9048	-9.1748	
899.97	9050	-9.1753	
899.97	9053	-9.1752	
899.98	9055	-9.1749	
900.00	9058	-9.1748	
900.01	9060	-9.1751	
900.01	9063	-9.1750	
900.02	9065	-9.1747	
900.04	9068	-9.1750	
900.05	9070	-9.1752	
900.07	9073	-9.1748	
900.09	9075	-9.1747	
900.11	9078	-9.1753	
900.13	9080	-9.1754	
900.15	9083	-9.1750	
900.16	9085	-9.1750	
900.17	9088	-9.1753	
900.18	9090	-9.1753	
900.18	9093	-9.1750	
900.18	9095	-9.1748	
900.18	9098	-9.1753	
900.18	9100	-9.1755	
900.17	9103	-9.1751	
900.16	9105	-9.1747	
900.15	9108	-9.1753	
900.14	9110	-9.1753	
900.13	9113	-9.1751	
900.13	9115	-9.1748	
900.13	9118	-9.1754	
900.13	9120	-9.1754	
900.13	9123	-9.1753	
900.14	9125	-9.1751	
900.15	9128	-9.1756	
900.16	9130	-9.1755	
900.17	9133	-9.1751	
900.17	9135	-9.1751	
900.18	9138	-9.1756	
900.17	9140	-9.1755	
900.17	9143	-9.1751	
900.16	9145	-9.1752	
900.16	9148	-9.1757	
900.15	9150	-9.1753	
900.14	9153	-9.1752	
900.13	9155	-9.1751	
900.13	9158	-9.1756	
900.12	9160	-9.1753	
900.11	9163	-9.1751	
900.10	9165	-9.1755	
900.09	9168	-9.1756	
900.09	9170	-9.1753	
900.08	9173	-9.1751	
900.08	9175	-9.1756	
900.08	9178	-9.1758	
900.08	9180	-9.1752	
900.08	9183	-9.1752	
900.09	9185	-9.1756	
900.08	9188	-9.1759	
900.08	9190	-9.1753	
900.08	9193	-9.1751	
900.08	9195	-9.1755	
900.08	9198	-9.1758	
900.07	9200	-9.1754	
900.06	9203	-9.1753	
900.05	9205	-9.1757	
900.04	9208	-9.1758	
900.03	9210	-9.1756	
900.02	9213	-9.1753	
900.00	9215	-9.1758	
899.99	9218	-9.1757	
899.97	9220	-9.1754	
899.96	9223	-9.1756	
899.95	9225	-9.1759	
899.95	9228	-9.1757	
899.94	9230	-9.1754	
899.94	9233	-9.1756	
899.94	9235	-9.1761	
899.95	9238	-9.1758	
899.95	9240	-9.1753	
899.95	9243	-9.1756	
899.95	9245	-9.1759	
899.95	9248	-9.1759	
899.95	9250	-9.1755	
899.95	9253	-9.1758	
899.95	9255	-9.1763	
899.95	9258	-9.1757	
899.96	9260	-9.1754	
899.96	9263	-9.1758	
899.95	9265	-9.1762	
899.95	9268	-9.1756	
899.95	9270	-9.1755	
899.95	9273	-9.1760	
899.96	9275	-9.1761	
899.96	9278	-9.1757	
899.96	9280	-9.1757	
899.97	9283	-9.1761	
899.97	9285	-9.1762	
899.98	9288	-9.1758	
899.98	9290	-9.1758	
899.99	9293	-9.1761	
899.99	9295	-9.1764	
899.99	9298	-9.1759	
899.99	9300	-9.1757	
899.99	9303	-9.1761	
899.99	9305	-9.1762	
899.99	9308	-9.1759	
899.98	9310	-9.1758	
899.98	9313	-9.1762	
899.98	9315	-9.1764	
899.98	9318	-9.1758	
899.97	9320	-9.1762	
899.97	9323	-9.1764	
899.97	9325	-9.1764	
899.97	9328	-9.1760	
899.96	9330	-9.1762	
899.96	9333	-9.1764	
899.96	9335	-9.1761	
899.97	9338	-9.1761	
899.97	9340	-9.1761	
899.98	9343	-9.1766	
899.99	9345	-9.1762	
900.00	9348	-9.1763	
900.01	9350	-9.1762	
900.02	9353	-9.1768	
900.03	9355	-9.1763	
900.04	9358	-9.1759	
900.06	9360	-9.1764	
900.08	9363	-9.1769	
900.09	9365	-9.1764	
900.10	9368	-9.1762	
900.11	9370	-9.1767	
900.12	9373	-9.1768	
900.13	9375	-9.1764	
900.13	9378	-9.1763	
900.13	9380	-9.1766	
900.13	9383	-9.1769	
900.12	9385	-9.1765	
900.12	9388	-9.1764	
900.11	9390	-9.1768	
900.11	9393	-9.1767	
900.10	9395	-9.1763	
900.10	9398	-9.1766	
900.09	9400	-9.1770	
900.09	9403	-9.1768	
900.08	9405	-9.1765	
900.07	9408	-9.1765	
900.06	9410	-9.1769	
900.05	9413	-9.1766	
900.05	9415	-9.1765	
900.04	9418	-9.1770	
900.04	9420	-9.1770	
900.03	9423	-9.1765	
900.03	9425	-9.1763	
900.03	9428	-9.1767	
900.04	9430	-9.1771	
900.04	9433	-9.1767	
900.05	9435	-9.1765	
900.05	9438	-9.1766	
900.06	9440	-9.1769	
900.06	9443	-9.1768	
900.07	9445	-9.1765	
900.07	9448	-9.1770	
900.08	9450	-9.1771	
900.08	9453	-9.1767	
900.08	9455	-9.1765	
900.05	9458	-9.1769	
899.96	9460	-9.1771	
899.80	9463	-9.1769	
899.55	9465	-9.1769	
899.22	9468	-9.1771	
898.81	9470	-9.1772	
898.32	9473	-9.1769	
897.78	9475	-9.1770	
897.18	9478	-9.1775	
896.50	9480	-9.1772	
895.79	9483	-9.1770	
895.08	9485	-9.1772	
894.35	9488	-9.1776	
893.60	9490	-9.1776	
892.84	9493	-9.1772	
892.05	9495	-9.1777	
891.26	9498	-9.1777	
890.46	9500	-9.1775	
889.65	9503	-9.1775	
888.84	9505	-9.1778	
888.02	9508	-9.1780	
887.20	9510	-9.1774	
886.37	9513	-9.1774	
885.54	9515	-9.1779	
884.71	9518	-9.1781	
883.87	9520	-9.1781	
883.03	9523	-9.1776	
882.19	9525	-9.1781	
881.35	9528	-9.1784	
880.50	9530	-9.1780	
879.66	9533	-9.1782	
878.82	9535	-9.1785	
877.97	9538	-9.1782	
877.12	9540	-9.1783	
876.28	9543	-9.1780	
875.43	9545	-9.1783	
874.58	9548	-9.1782	
873.73	9550	-9.1780	
872.88	9553	-9.1783	
872.02	9555	-9.1785	
871.17	9558	-9.1787	
870.32	9560	-9.1784	
869.47	9563	-9.1787	
868.61	9565	-9.1787	
867.76	9568	-9.1785	
866.91	9570	-9.1783	
866.06	9573	-9.1788	
865.21	9575	-9.1790	
864.36	9578	-9.1787	
863.51	9580	-9.1786	
862.66	9583	-9.1790	
861.81	9585	-9.1792	
860.96	9588	-9.1789	
860.11	9590	-9.1786	
859.26	9593	-9.1791	
858.41	9595	-9.1792	
857.55	9598	-9.1790	
856.70	9600	-9.1788	
855.85	9603	-9.1794	
855.00	9605	-9.1795	
854.15	9608	-9.1790	
853.30	9610	-9.1790	
852.45	9613	-9.1794	
851.59	9615	-9.1794	
850.74	9618	-9.1792	
849.88	9620	-9.1792	
849.03	9623	-9.1797	
848.17	9625	-9.1796	
847.32	9628	-9.1793	
846.46	9630	-9.1796	
845.61	9633	-9.1797	
844.75	9635	-9.1797	
843.89	9638	-9.1796	
843.04	9640	-9.1799	
842.18	9643	-9.1800	
841.33	9645	-9.1795	
840.47	9648	-9.1793	
839.63	9650	-9.1799	
838.78	9653	-9.1800	
837.93	9655	-9.1796	
837.09	9658	-9.1796	
836.24	9660	-9.1800	
835.40	9663	-9.1801	
834.55	9665	-9.1798	
833.71	9668	-9.1799	
832.86	9670	-9.1800	
832.02	9673	-9.1804	
831.18	9675	-9.1799	
830.33	9678	-9.1798	
829.49	9680	-9.1801	
828.64	9683	-9.1803	
827.79	9685	-9.1800	
826.94	9688	-9.1801	
826.09	9690	-9.1805	
825.24	9693	-9.1802	
824.39	9695	-9.1800	
823.54	9698	-9.1803	
822.69	9700	-9.1805	
821.85	9703	-9.1803	
821.00	9705	-9.1802	
820.16	9708	-9.1803	
819.32	9710	-9.1807	
818.47	9713	-9.1804	
817.63	9715	-9.1802	
816.79	9718	-9.1805	
815.95	9720	-9.1808	
815.11	9723	-9.1805	
814.28	9725	-9.1804	
813.44	9728	-9.1808	
812.61	9730	-9.1809	
811.77	9733	-9.1807	
810.94	9735	-9.1803	
810.11	9738	-9.1808	
809.28	9740	-9.1812	
808.44	9743	-9.1807	
807.61	9745	-9.1805	
806.77	9748	-9.1811	
805.94	9750	-9.1813	
805.10	9753	-9.1809	
804.27	9755	-9.1810	
803.43	9758	-9.1811	
802.59	9760	-9.1814	
801.75	9763	-9.1810	
800.91	9765	-9.1808	
800.08	9768	-9.1814	
799.24	9770	-9.1812	
798.40	9773	-9.1810	
797.57	9775	-9.1811	
796.73	9778	-9.1815	
795.90	9780	-9.1812	
795.06	9783	-9.1810	
794.23	9785	-9.1813	
793.40	9788	-9.1817	
792.56	9790	-9.1813	
791.73	9793	-9.1810	
790.90	9795	-9.1816	
790.06	9798	-9.1817	
789.23	9800	-9.1815	
788.40	9803	-9.1813	
787.56	9805	-9.1818	
786.73	9808	-9.1818	
785.90	9810	-9.1815	
785.07	9813	-9.1813	
784.24	9815	-9.1820	
783.41	9818	-9.1818	
782.58	9820	-9.1815	
781.75	9823	-9.1815	
780.92	9825	-9.1820	
780.09	9828	-9.1819	
779.26	9830	-9.1817	
778.43	9833	-9.1816	
777.60	9835	-9.1821	
776.76	9838	-9.1820	
775.93	9840	-9.1817	
775.11	9843	-9.1819	
774.27	9845	-9.1822	
773.44	9848	-9.1819	
772.61	9850	-9.1818	
771.78	9853	-9.1821	
770.94	9855	-9.1823	
770.10	9858	-9.1823	
769.27	9860	-9.1820	
768.42	9863	-9.1821	
767.61	9865	-9.1823	
766.78	9868	-9.1805	
765.95	9870	-9.1789	
765.11	9873	-9.1784	
764.28	9875	-9.1780	
763.44	9878	-9.1775	
762.61	9880	-9.1771	
761.78	9883	-9.1775	
760.95	9885	-9.1775	
760.12	9888	-9.1774	
759.29	9890	-9.1771	
758.47	9893	-9.1778	
757.64	9895	-9.1779	
756.81	9898	-9.1776	
755.98	9900	-9.1773	
755.15	9903	-9.1779	
754.32	9905	-9.1780	
753.49	9908	-9.1778	
752.66	9910	-9.1777	
751.84	9913	-9.1781	
751.00	9915	-9.1782	
750.17	9918	-9.1778	
749.34	9920	-9.1779	
748.51	9923	-9.1782	
747.67	9925	-9.1782	
746.83	9928	-9.1782	
745.99	9930	-9.1782	
745.16	9933	-9.1785	
744.32	9935	-9.1784	
743.48	9938	-9.1782	
742.64	9940	-9.1782	
741.79	9943	-9.1786	
740.95	9945	-9.1787	
740.11	9948	-9.1784	
739.27	9950	-9.1785	
738.43	9953	-9.1788	
737.59	9955	-9.1786	
736.75	9958	-9.1785	
735.91	9960	-9.1786	
735.07	9963	-9.1789	
734.23	9965	-9.1787	
733.39	9968	-9.1784	
732.55	9970	-9.1789	
731.72	9973	-9.1792	
730.88	9975	-9.1789	
730.04	9978	-9.1786	
729.21	9980	-9.1791	
728.37	9983	-9.1793	
727.54	9985	-9.1790	
726.70	9988	-9.1786	
725.87	9990	-9.1792	
725.03	9993	-9.1794	
724.20	9995	-9.1789	
723.36	9998	-9.1789	
722.52	10000	-9.1793	
721.68	10003	-9.1793	
720.85	10005	-9.1790	
720.01	10008	-9.1793	
719.18	10010	-9.1792	
718.34	10013	-9.1793	
717.51	10015	-9.1792	
716.67	10018	-9.1791	
715.84	10020	-9.1796	
715.00	10023	-9.1794	
714.16	10025	-9.1792	
713.33	10028	-9.1792	
712.50	10030	-9.1795	
711.66	10033	-9.1796	
710.82	10035	-9.1792	
709.99	10038	-9.1794	
709.16	10040	-9.1796	
708.32	10043	-9.1794	
707.49	10045	-9.1791	
706.66	10048	-9.1796	
705.83	10050	-9.1797	
705.00	10053	-9.1793	
704.17	10055	-9.1796	
703.34	10058	-9.1796	
702.51	10060	-9.1799	
701.68	10063	-9.1796	
700.85	10065	-9.1795	
700.02	10068	-9.1797	
699.19	10070	-9.1802	
698.36	10073	-9.1796	
697.53	10075	-9.1796	
696.70	10078	-9.1800	
695.87	10080	-9.1801	
695.04	10083	-9.1799	
694.21	10085	-9.1794	
693.38	10088	-9.1800	
692.55	10090	-9.1802	
691.72	10093	-9.1797	
690.89	10095	-9.1796	
690.06	10098	-9.1800	
689.23	10100	-9.1802	
688.40	10103	-9.1798	
687.57	10105	-9.1800	
686.73	10108	-9.1801	
685.90	10110	-9.1799	
685.07	10113	-9.1800	
684.24	10115	-9.1799	
683.41	10118	-9.1802	
682.59	10120	-9.1800	
681.77	10123	-9.1799	
680.94	10125	-9.1801	
680.12	10128	-9.1804	
679.30	10130	-9.1800	
678.48	10133	-9.1800	
677.65	10135	-9.1801	
676.83	10138	-9.1805	
676.00	10140	-9.1802	
675.18	10143	-9.1801	
674.35	10145	-9.1805	
673.52	10148	-9.1805	
672.70	10150	-9.1802	
671.87	10153	-9.1801	
671.04	10155	-9.1803	
670.21	10158	-9.1808	
669.38	10160	-9.1802	
668.55	10163	-9.1800	
667.72	10165	-9.1805	
666.88	10168	-9.1809	
666.05	10170	-9.1803	
665.21	10173	-9.1801	
664.38	10175	-9.1809	
663.54	10178	-9.1809	
662.70	10180	-9.1804	
661.87	10183	-9.1805	
661.03	10185	-9.1807	
660.19	10188	-9.1808	
659.35	10190	-9.1804	
658.51	10193	-9.1805	
657.66	10195	-9.1808	
656.82	10198	-9.1808	
655.98	10200	-9.1804	
655.14	10203	-9.1804	
654.30	10205	-9.1809	
653.45	10208	-9.1811	
652.61	10210	-9.1804	
651.77	10213	-9.1805	
650.92	10215	-9.1810	
650.08	10218	-9.1808	
649.23	10220	-9.1807	
648.39	10223	-9.1810	
647.54	10225	-9.1813	
646.70	10228	-9.1810	
645.86	10230	-9.1806	
645.02	10233	-9.1810	
644.18	10235	-9.1812	
643.34	10238	-9.1809	
642.49	10240	-9.1806	
641.65	10243	-9.1810	
640.81	10245	-9.1812	
639.97	10248	-9.1809	
639.13	10250	-9.1807	
638.29	10253	-9.1811	
637.45	10255	-9.1814	
636.61	10258	-9.1809	
635.77	10260	-9.1807	
634.93	10263	-9.1812	
634.09	10265	-9.1813	
633.25	10268	-9.1811	
632.41	10270	-9.1809	
631.57	10273	-9.1813	
630.74	10275	-9.1815	
629.90	10278	-9.1810	
629.07	10280	-9.1810	
628.23	10283	-9.1813	
627.40	10285	-9.1817	
626.56	10288	-9.1811	
625.72	10290	-9.1811	
624.89	10293	-9.1815	
624.05	10295	-9.1814	
623.22	10298	-9.1812	
622.38	10300	-9.1812	
621.55	10303	-9.1817	
620.71	10305	-9.1815	
619.87	10308	-9.1814	
619.04	10310	-9.1815	
618.20	10313	-9.1818	
617.37	10315	-9.1814	
616.54	10318	-9.1814	
615.70	10320	-9.1815	
614.87	10323	-9.1818	
614.03	10325	-9.1814	
613.20	10328	-9.1811	
612.37	10330	-9.1817	
611.54	10333	-9.1819	
610.70	10335	-9.1813	
609.87	10338	-9.1812	
609.04	10340	-9.1818	
608.20	10343	-9.1819	
607.37	10345	-9.1815	
606.54	10348	-9.1813	
605.71	10350	-9.1819	
604.87	10353	-9.1821	
604.04	10355	-9.1815	
603.21	10358	-9.1816	
602.38	10360	-9.1819	
601.55	10363	-9.1820	
600.72	10365	-9.1816	
599.88	10368	-9.1815	
599.05	10370	-9.1818	
598.22	10373	-9.1822	
597.39	10375	-9.1814	
596.56	10378	-9.1817	
595.73	10380	-9.1821	
594.89	10383	-9.1822	
594.06	10385	-9.1816	
593.23	10388	-9.1817	
592.40	10390	-9.1822	
591.57	10393	-9.1820	
590.73	10395	-9.1815	
589.90	10398	-9.1821	
589.07	10400	-9.1823	
588.24	10403	-9.1821	
587.41	10405	-9.1821	
586.58	10408	-9.1820	
585.74	10410	-9.1826	
584.91	10413	-9.1820	
584.08	10415	-9.1820	
583.25	10418	-9.1824	
582.41	10420	-9.1827	
581.58	10423	-9.1820	
580.75	10425	-9.1820	
579.92	10428	-9.1826	
579.09	10430	-9.1827	
578.26	10433	-9.1821	
577.43	10435	-9.1821	
576.61	10438	-9.1824	
575.78	10440	-9.1824	
574.95	10443	-9.1821	
574.13	10445	-9.1820	
573.30	10448	-9.1825	
572.48	10450	-9.1828	
571.65	10453	-9.1821	
570.82	10455	-9.1821	
570.00	10458	-9.1825	
569.17	10460	-9.1827	
568.35	10463	-9.1824	
567.52	10465	-9.1824	
566.70	10468	-9.1828	
565.87	10470	-9.1827	
565.05	10473	-9.1822	
564.22	10475	-9.1825	
563.39	10478	-9.1829	
562.57	10480	-9.1827	
561.75	10483	-9.1823	
560.92	10485	-9.1825	
560.10	10488	-9.1829	
559.27	10490	-9.1826	
558.45	10493	-9.1823	
557.62	10495	-9.1828	
556.80	10498	-9.1829	
555.98	10500	-9.1824	
555.16	10503	-9.1823	
554.34	10505	-9.1828	
553.52	10508	-9.1830	
552.69	10510	-9.1826	
551.87	10513	-9.1826	
551.05	10515	-9.1829	
550.22	10518	-9.1831	
549.40	10520	-9.1827	
548.57	10523	-9.1823	
547.75	10525	-9.1831	
546.92	10528	-9.1831	
546.09	10530	-9.1829	
545.26	10533	-9.1827	
544.43	10535	-9.1832	
543.60	10538	-9.1832	
542.77	10540	-9.1828	
541.94	10543	-9.1829	
541.11	10545	-9.1830	
540.27	10548	-9.1833	
539.44	10550	-9.1829	
538.61	10553	-9.1828	
537.78	10555	-9.1833	
536.94	10558	-9.1831	
536.12	10560	-9.1830	
535.28	10563	-9.1831	
534.45	10565	-9.1833	
533.62	10568	-9.1832	
532.79	10570	-9.1828	
531.97	10573	-9.1832	
531.14	10575	-9.1831	
530.31	10578	-9.1829	
529.48	10580	-9.1829	
528.65	10583	-9.1833	
527.82	10585	-9.1832	
526.99	10588	-9.1830	
526.16	10590	-9.1831	
525.33	10593	-9.1833	
524.50	10595	-9.1834	
523.67	10598	-9.1829	
522.83	10600	-9.1829	
522.00	10603	-9.1834	
521.18	10605	-9.1837	
520.34	10608	-9.1830	
519.51	10610	-9.1828	
518.68	10613	-9.1833	
517.86	10615	-9.1834	
517.03	10618	-9.1830	
516.19	10620	-9.1831	
515.37	10623	-9.1836	
514.54	10625	-9.1837	
513.70	10628	-9.1833	
512.88	10630	-9.1831	
512.05	10633	-9.1836	
511.21	10635	-9.1835	
510.39	10638	-9.1832	
509.56	10640	-9.1831	
508.73	10643	-9.1835	
507.90	10645	-9.1836	
507.07	10648	-9.1833	
506.24	10650	-9.1835	
505.41	10653	-9.1836	
504.58	10655	-9.1835	
503.75	10658	-9.1832	
502.93	10660	-9.1835	
502.10	10663	-9.1839	
501.27	10665	-9.1836	
500.44	10668	-9.1834	
499.61	10670	-9.1837	
498.79	10673	-9.1839	
497.96	10675	-9.1835	
497.13	10678	-9.1833	
496.30	10680	-9.1836	
495.47	10683	-9.1839	
494.65	10685	-9.1834	
493.82	10688	-9.1834	
492.99	10690	-9.1836	
492.16	10693	-9.1840	
491.34	10695	-9.1835	
490.51	10698	-9.1835	
489.68	10700	-9.1838	
488.85	10703	-9.1838	
488.02	10705	-9.1835	
487.20	10708	-9.1834	
486.37	10710	-9.1838	
485.54	10713	-9.1838	
484.72	10715	-9.1835	
483.89	10718	-9.1834	
483.06	10720	-9.1839	
482.23	10723	-9.1840	
481.40	10725	-9.1836	
480.57	10728	-9.1833	
479.74	10730	-9.1839	
478.92	10733	-9.1838	
478.09	10735	-9.1835	
477.26	10738	-9.1836	
476.43	10740	-9.1839	
475.60	10743	-9.1837	
474.77	10745	-9.1835	
473.94	10748	-9.1836	
473.11	10750	-9.1840	
472.28	10753	-9.1839	
471.45	10755	-9.1836	
470.62	10758	-9.1838	
469.79	10760	-9.1839	
468.96	10763	-9.1838	
468.13	10765	-9.1835	
467.30	10768	-9.1840	
466.48	10770	-9.1840	
465.65	10773	-9.1837	
464.82	10775	-9.1836	
463.99	10778	-9.1839	
463.16	10780	-9.1839	
462.33	10783	-9.1837	
461.50	10785	-9.1836	
460.67	10788	-9.1839	
459.85	10790	-9.1840	
459.02	10793	-9.1837	
458.19	10795	-9.1835	
457.36	10798	-9.1839	
456.53	10800	-9.1842	
455.70	10803	-9.1838	
454.88	10805	-9.1835	
454.05	10808	-9.1839	
453.22	10810	-9.1841	
452.40	10813	-9.1838	
451.57	10815	-9.1836	
450.74	10818	-9.1838	
449.92	10820	-9.1839	
449.09	10823	-9.1838	
448.27	10825	-9.1835	
447.44	10828	-9.1839	
446.62	10830	-9.1841	
445.79	10833	-9.1836	
444.97	10835	-9.1838	
444.15	10838	-9.1839	
443.32	10840	-9.1839	
442.50	10843	-9.1837	
441.68	10845	-9.1837	
440.85	10848	-9.1840	
440.03	10850	-9.1839	
439.21	10853	-9.1838	
438.38	10855	-9.1839	
437.56	10858	-9.1841	
436.74	10860	-9.1838	
435.92	10863	-9.1837	
435.09	10865	-9.1839	
434.27	10868	-9.1842	
433.45	10870	-9.1840	
432.62	10873	-9.1837	
431.80	10875	-9.1839	
430.98	10878	-9.1842	
430.16	10880	-9.1837	
429.34	10883	-9.1838	
428.51	10885	-9.1840	
427.69	10888	-9.1843	
426.87	10890	-9.1836	
426.05	10893	-9.1837	
425.23	10895	-9.1840	
424.40	10898	-9.1842	
423.58	10900	-9.1839	
422.76	10903	-9.1836	
421.94	10905	-9.1840	
421.12	10908	-9.1841	
420.30	10910	-9.1838	
419.47	10913	-9.1836	
418.65	10915	-9.1838	
417.83	10918	-9.1842	
417.01	10920	-9.1837	
416.19	10923	-9.1838	
415.36	10925	-9.1838	
414.54	10928	-9.1840	
413.72	10930	-9.1840	
412.90	10933	-9.1838	
412.08	10935	-9.1840	
411.26	10938	-9.1838	
410.44	10940	-9.1835	
409.61	10943	-9.1837	
408.79	10945	-9.1840	
407.97	10948	-9.1839	
407.15	10950	-9.1834	
406.33	10953	-9.1839	
405.50	10955	-9.1840	
404.68	10958	-9.1838	
403.86	10960	-9.1834	
403.04	10963	-9.1838	
402.21	10965	-9.1838	
401.39	10968	-9.1836	
400.57	10970	-9.1836	
399.75	10973	-9.1837	
398.92	10975	-9.1841	
398.10	10978	-9.1834	
397.27	10980	-9.1833	
396.45	10983	-9.1836	
395.63	10985	-9.1840	
394.80	10988	-9.1835	
393.98	10990	-9.1833	
393.16	10993	-9.1837	
392.33	10995	-9.1840	
391.51	10998	-9.1834	
390.69	11000	-9.1834	
389.87	11003	-9.1838	
389.05	11005	-9.1838	
388.23	11008	-9.1835	
387.41	11010	-9.1835	
386.59	11013	-9.1835	
385.77	11015	-9.1835	
384.95	11018	-9.1832	
384.13	11020	-9.1834	
383.31	11023	-9.1837	
382.49	11025	-9.1836	
381.67	11028	-9.1831	
380.85	11030	-9.1832	
380.03	11033	-9.1834	
379.22	11035	-9.1834	
378.40	11038	-9.1829	
377.58	11040	-9.1832	
376.76	11043	-9.1835	
375.94	11045	-9.1831	
375.12	11048	-9.1830	
374.31	11050	-9.1831	
373.49	11053	-9.1835	
372.67	11055	-9.1830	
371.86	11058	-9.1829	
371.04	11060	-9.1833	
370.22	11063	-9.1833	
369.41	11065	-9.1829	
368.59	11068	-9.1826	
367.77	11070	-9.1830	
366.96	11073	-9.1834	
366.14	11075	-9.1828	
365.33	11078	-9.1825	
364.51	11080	-9.1830	
363.69	11083	-9.1830	
362.87	11085	-9.1827	
362.06	11088	-9.1826	
361.24	11090	-9.1830	
360.42	11093	-9.1830	
359.61	11095	-9.1824	
358.79	11098	-9.1825	
357.98	11100	-9.1827	
357.16	11103	-9.1828	
356.34	11105	-9.1824	
355.53	11108	-9.1825	
354.72	11110	-9.1829	
353.90	11113	-9.1826	
353.08	11115	-9.1823	
352.27	11118	-9.1823	
351.45	11120	-9.1826	
350.64	11123	-9.1825	
349.82	11125	-9.1822	
349.01	11128	-9.1823	
348.19	11130	-9.1826	
347.38	11133	-9.1822	
346.57	11135	-9.1818	
345.75	11138	-9.1822	
344.94	11140	-9.1824	
344.12	11143	-9.1820	
343.31	11145	-9.1817	
342.50	11148	-9.1823	
341.69	11150	-9.1824	
340.87	11153	-9.1818	
340.06	11155	-9.1816	
339.24	11158	-9.1821	
338.43	11160	-9.1821	
337.61	11163	-9.1817	
336.80	11165	-9.1814	
335.99	11168	-9.1820	
335.17	11170	-9.1821	
334.36	11173	-9.1815	
333.54	11175	-9.1813	
332.73	11178	-9.1818	
331.92	11180	-9.1819	
331.11	11183	-9.1813	
330.29	11185	-9.1812	
329.48	11188	-9.1816	
328.67	11190	-9.1815	
327.85	11193	-9.1811	
327.04	11195	-9.1813	
326.23	11198	-9.1814	
325.42	11200	-9.1814	
324.61	11203	-9.1810	
323.80	11205	-9.1811	
322.99	11208	-9.1815	
322.18	11210	-9.1811	
321.37	11213	-9.1809	
320.56	11215	-9.1810	
319.75	11218	-9.1813	
318.94	11220	-9.1807	
318.13	11223	-9.1806	
317.33	11225	-9.1808	
316.52	11228	-9.1811	
315.71	11230	-9.1807	
314.90	11233	-9.1805	
314.09	11235	-9.1809	
313.29	11238	-9.1810	
312.48	11240	-9.1807	
311.67	11243	-9.1800	
310.86	11245	-9.1807	
310.06	11248	-9.1806	
309.25	11250	-9.1803	
308.44	11253	-9.1802	
307.64	11255	-9.1804	
306.83	11258	-9.1804	
306.02	11260	-9.1801	
305.22	11263	-9.1797	
304.41	11265	-9.1803	
303.61	11268	-9.1801	
302.80	11270	-9.1799	
301.99	11273	-9.1800	
301.19	11275	-9.1802	
300.38	11278	-9.1801	
299.58	11280	-9.1796	
298.77	11283	-9.1797	
297.97	11285	-9.1799	
297.16	11288	-9.1797	
296.36	11290	-9.1793	
295.55	11293	-9.1796	
294.75	11295	-9.1799	
293.94	11298	-9.1794	
293.14	11300	-9.1792	
292.34	11303	-9.1794	
291.53	11305	-9.1796	
290.73	11308	-9.1792	
289.92	11310	-9.1791	
289.12	11313	-9.1794	
288.32	11315	-9.1793	
287.51	11318	-9.1790	
286.71	11320	-9.1788	
285.91	11323	-9.1790	
285.10	11325	-9.1793	
284.30	11328	-9.1788	
283.50	11330	-9.1786	
282.70	11333	-9.1790	
281.89	11335	-9.1792	
281.09	11338	-9.1787	
280.29	11340	-9.1785	
279.49	11343	-9.1787	
278.69	11345	-9.1788	
277.89	11348	-9.1786	
277.09	11350	-9.1784	
276.29	11353	-9.1786	
275.49	11355	-9.1787	
274.69	11358	-9.1782	
273.89	11360	-9.1782	
273.09	11363	-9.1786	
272.29	11365	-9.1783	
271.49	11368	-9.1780	
270.69	11370	-9.1781	
269.90	11373	-9.1781	
269.10	11375	-9.1782	
268.30	11378	-9.1778	
267.50	11380	-9.1781	
266.71	11383	-9.1780	
265.91	11385	-9.1777	
265.11	11388	-9.1775	
264.32	11390	-9.1779	
263.52	11393	-9.1782	
262.73	11395	-9.1775	
261.93	11398	-9.1774	
261.14	11400	-9.1776	
260.34	11403	-9.1780	
259.55	11405	-9.1774	
258.76	11408	-9.1773	
257.96	11410	-9.1776	
257.17	11413	-9.1776	
256.38	11415	-9.1772	
255.59	11418	-9.1770	
254.80	11420	-9.1775	
254.00	11423	-9.1775	
253.21	11425	-9.1770	
252.42	11428	-9.1770	
251.63	11430	-9.1773	
250.84	11433	-9.1771	
250.05	11435	-9.1768	
249.26	11438	-9.1768	
248.48	11440	-9.1772	
247.69	11443	-9.1768	
246.90	11445	-9.1765	
246.12	11448	-9.1766	
245.33	11450	-9.1769	
244.54	11453	-9.1767	
243.75	11455	-9.1761	
242.97	11458	-9.1767	
242.18	11460	-9.1769	
241.39	11463	-9.1762	
240.60	11465	-9.1762	
239.81	11468	-9.1766	
239.02	11470	-9.1765	
238.24	11473	-9.1762	
237.44	11475	-9.1759	
236.66	11478	-9.1763	
235.86	11480	-9.1763	
235.07	11483	-9.1757	
234.28	11485	-9.1757	
233.49	11488	-9.1762	
232.70	11490	-9.1760	
231.91	11493	-9.1759	
231.11	11495	-9.1756	
230.33	11498	-9.1759	
229.53	11500	-9.1761	
228.75	11503	-9.1755	
227.96	11505	-9.1755	
227.17	11508	-9.1758	
226.38	11510	-9.1757	
225.59	11513	-9.1753	
224.81	11515	-9.1752	
224.02	11518	-9.1757	
223.24	11520	-9.1753	
222.45	11523	-9.1752	
221.67	11525	-9.1753	
220.89	11528	-9.1757	
220.11	11530	-9.1751	
219.33	11533	-9.1750	
218.55	11535	-9.1753	
217.77	11538	-9.1753	
217.00	11540	-9.1750	
216.22	11543	-9.1748	
215.45	11545	-9.1752	
214.68	11548	-9.1751	
213.91	11550	-9.1748	
213.13	11553	-9.1745	
212.37	11555	-9.1750	
211.60	11558	-9.1752	
210.83	11560	-9.1746	
210.07	11563	-9.1744	
209.31	11565	-9.1747	
208.54	11568	-9.1749	
207.78	11570	-9.1744	
207.03	11573	-9.1744	
206.27	11575	-9.1745	
205.51	11578	-9.1745	
204.76	11580	-9.1745	
204.01	11583	-9.1743	
203.25	11585	-9.1745	
202.50	11588	-9.1744	
201.75	11590	-9.1743	
201.00	11593	-9.1741	
200.25	11595	-9.1745	
199.50	11598	-9.1742	
198.76	11600	-9.1737	
198.01	11603	-9.1741	
197.27	11605	-9.1743	
196.52	11608	-9.1739	
195.78	11610	-9.1738	
195.04	11613	-9.1739	
194.31	11615	-9.1742	
193.57	11618	-9.1735	
192.83	11620	-9.1734	
192.10	11623	-9.1739	
191.36	11625	-9.1738	
190.63	11628	-9.1737	
189.90	11630	-9.1736	
189.18	11633	-9.1736	
188.45	11635	-9.1738	
187.73	11638	-9.1734	
187.00	11640	-9.1732	
186.29	11643	-9.1737	
185.57	11645	-9.1737	
184.85	11648	-9.1733	
184.14	11650	-9.1731	
183.43	11653	-9.1735	
182.72	11655	-9.1734	
182.01	11658	-9.1729	
181.30	11660	-9.1730	
180.60	11663	-9.1733	
179.90	11665	-9.1734	
179.19	11668	-9.1728	
178.50	11670	-9.1731	
177.80	11673	-9.1732	
177.11	11675	-9.1731	
176.42	11678	-9.1728	
175.73	11680	-9.1729	
175.04	11683	-9.1729	
174.36	11685	-9.1728	
173.67	11688	-9.1727	
172.99	11690	-9.1729	
172.31	11693	-9.1730	
171.64	11695	-9.1727	
170.97	11698	-9.1723	
170.30	11700	-9.1727	
169.63	11703	-9.1729	
168.96	11705	-9.1723	
168.30	11708	-9.1724	
167.64	11710	-9.1726	
166.98	11713	-9.1727	
166.32	11715	-9.1722	
165.67	11718	-9.1722	
165.02	11720	-9.1725	
164.37	11723	-9.1726	
163.72	11725	-9.1722	
163.08	11728	-9.1721	
162.43	11730	-9.1724	
161.79	11733	-9.1724	
161.16	11735	-9.1721	
160.52	11738	-9.1721	
159.89	11740	-9.1722	
159.26	11743	-9.1720	
158.63	11745	-9.1716	
158.01	11748	-9.1718	
157.39	11750	-9.1722	
156.77	11753	-9.1721	
156.15	11755	-9.1716	
155.53	11758	-9.1720	
154.92	11760	-9.1721	
154.31	11763	-9.1716	
153.70	11765	-9.1714	
153.10	11768	-9.1718	
152.50	11770	-9.1719	
151.89	11773	-9.1715	
151.29	11775	-9.1712	
150.70	11778	-9.1716	
150.11	11780	-9.1720	
149.51	11783	-9.1716	
148.92	11785	-9.1713	
148.34	11788	-9.1715	
147.75	11790	-9.1717	
147.17	11793	-9.1712	
146.59	11795	-9.1711	
146.01	11798	-9.1714	
145.44	11800	-9.1714	
144.86	11803	-9.1711	
144.29	11805	-9.1710	
143.73	11808	-9.1714	
143.16	11810	-9.1711	
142.60	11813	-9.1710	
142.04	11815	-9.1708	
141.48	11818	-9.1712	
140.92	11820	-9.1711	
140.37	11823	-9.1705	
139.82	11825	-9.1709	
139.27	11828	-9.1711	
138.72	11830	-9.1707	
138.18	11833	-9.1704	
137.64	11835	-9.1706	
137.10	11838	-9.1710	
136.56	11840	-9.1705	
136.02	11843	-9.1702	
135.49	11845	-9.1706	
134.96	11848	-9.1708	
134.43	11850	-9.1704	
133.90	11853	-9.1701	
133.38	11855	-9.1705	
132.86	11858	-9.1705	
132.34	11860	-9.1705	
131.82	11863	-9.1701	
131.30	11865	-9.1705	
130.79	11868	-9.1706	
130.28	11870	-9.1702	
129.78	11873	-9.1700	
129.27	11875	-9.1701	
128.77	11878	-9.1704	
128.26	11880	-9.1699	
127.76	11883	-9.1697	
127.27	11885	-9.1702	
126.77	11888	-9.1702	
126.28	11890	-9.1698	
125.78	11893	-9.1699	
125.30	11895	-9.1700	
124.81	11898	-9.1700	
124.33	11900	-9.1696	
123.84	11903	-9.1698	
123.36	11905	-9.1700	
122.89	11908	-9.1698	
122.41	11910	-9.1695	
121.94	11913	-9.1695	
121.46	11915	-9.1697	
120.99	11918	-9.1695	
120.52	11920	-9.1693	
120.06	11923	-9.1694	
119.60	11925	-9.1696	
119.13	11928	-9.1692	
118.68	11930	-9.1691	
118.21	11933	-9.1696	
117.76	11935	-9.1695	
117.31	11938	-9.1692	
116.86	11940	-9.1689	
116.41	11943	-9.1694	
115.96	11945	-9.1696	
115.51	11948	-9.1690	
115.07	11950	-9.1689	
114.63	11953	-9.1693	
114.19	11955	-9.1694	
113.75	11958	-9.1688	
113.31	11960	-9.1688	
112.88	11963	-9.1690	
112.45	11965	-9.1691	
112.02	11968	-9.1689	
111.59	11970	-9.1688	
111.16	11973	-9.1689	
110.74	11975	-9.1690	
110.32	11978	-9.1686	
109.90	11980	-9.1686	
109.48	11983	-9.1689	
109.06	11985	-9.1688	
108.65	11988	-9.1686	
108.24	11990	-9.1685	
107.82	11993	-9.1688	
107.42	11995	-9.1686	
107.01	11998	-9.1680	
106.60	12000	-9.1685	
106.20	12003	-9.1687	
105.80	12005	-9.1685	
105.40	12008	-9.1679	
105.00	12010	-9.1683	
104.61	12013	-9.1685	
104.21	12015	-9.1681	
103.82	12018	-9.1680	
103.43	12020	-9.1684	
103.04	12023	-9.1684	
102.65	12025	-9.1678	
102.27	12028	-9.1678	
101.89	12030	-9.1681	
101.50	12033	-9.1685	
101.12	12035	-9.1679	
100.74	12038	-9.1679	
100.37	12040	-9.1681	
99.99	12043	-9.1682	
99.62	12045	-9.1676	
99.25	12048	-9.1675	
98.88	12050	-9.1679	
98.51	12053	-9.1681	
98.14	12055	-9.1676	
97.78	12058	-9.1674	
97.42	12060	-9.1679	
97.06	12063	-9.1678	
96.70	12065	-9.1674	
96.34	12068	-9.1672	
95.98	12070	-9.1678	
95.63	12073	-9.1677	
95.28	12075	-9.1672	
94.92	12078	-9.1673	
94.58	12080	-9.1683	
94.23	12083	-9.1685	
93.88	12085	-9.1688	
93.54	12088	-9.1689	
93.19	12090	-9.1694	
92.85	12093	-9.1692	
92.51	12095	-9.1687	
92.18	12098	-9.1691	
91.84	12100	-9.1692	
91.50	12103	-9.1691	
91.17	12105	-9.1687	
90.84	12108	-9.1689	
90.51	12110	-9.1692	
90.18	12113	-9.1689	
89.85	12115	-9.1686	
89.53	12118	-9.1690	
89.21	12120	-9.1692	
88.88	12123	-9.1687	
88.56	12125	-9.1686	
88.24	12128	-9.1693	
87.92	12130	-9.1693	
87.61	12133	-9.1688	
87.29	12135	-9.1687	
